Workbook

Sheet Screening summary
A1: Soil spectral library review – screening summary
A4: Records
A5: Records in inventory | B5: =COUNTA(Papers!$B$2:$B$114) -> 113
A6: Excluded – duplicate | B6: =COUNTIF(Papers!$AO$2:$AO$114,"Exclude (duplicate)") -> 1
A7: Excluded – C1 not soil-specific | B7: =COUNTIFS(Papers!$AO$2:$AO$114,"Exclude",Papers!$AK$2:$AK$114,"No") -> 2
A8: Excluded – C2 not spectroscopy | B8: =COUNTIFS(Papers!$AO$2:$AO$114,"Exclude",Papers!$AK$2:$AK$114,"Yes",Papers!$AL$2:$AL$114,"No") -> 1
A9: Excluded – C3 no library-scale data | B9: =COUNTIFS(Papers!$AO$2:$AO$114,"Exclude",Papers!$AK$2:$AK$114,"Yes",Papers!$AL$2:$AL$114,"Yes",Papers!$AM$2:$AM$114,"No") -> 24
A10: Needs checking | B10: =COUNTIF(Papers!$AO$2:$AO$114,"Check") -> 1
A11: Included papers | B11: =COUNTIF(Papers!$AO$2:$AO$114,"Include") -> 84
A12: Check: all records accounted for | B12: =IF(B6+B7+B8+B9+B10+B11=B5,"OK","Mismatch") -> OK
A14: Included papers by role
A15: Introduces a library | B15: =COUNTIFS(Papers!$AO$2:$AO$114,"Include",Papers!$AQ$2:$AQ$114,"Introduces") -> 40
A16: Extends / updates a library | B16: =COUNTIFS(Papers!$AO$2:$AO$114,"Include",Papers!$AQ$2:$AQ$114,"Extends / updates") -> 2
A17: Methods for a library | B17: =COUNTIFS(Papers!$AO$2:$AO$114,"Include",Papers!$AQ$2:$AQ$114,"Methods for") -> 7
A18: Uses a library | B18: =COUNTIFS(Papers!$AO$2:$AO$114,"Include",Papers!$AQ$2:$AQ$114,"Uses") -> 35
A20: Libraries
A21: Distinct libraries | B21: =COUNTA(Libraries!$A$2:$A$56) -> 55
A22: … with their introducing paper in the review | B22: =COUNTIF(Libraries!$L$2:$L$56,"Yes") -> 40
A23: … introducing paper missing from the review | B23: =COUNTIF(Libraries!$L$2:$L$56,"No") -> 15 | C23: See Notes column in Libraries for candidate references
A24: Global | B24: =COUNTIF(Libraries!$C$2:$C$56,"Global") -> 7
A25: Continental / regional (countries not itemised) | B25: =COUNTIF(Libraries!$C$2:$C$56,"Continental / regional") -> 2
A26: Multi-country | B26: =COUNTIF(Libraries!$C$2:$C$56,"Multi-country") -> 4
A27: National | B27: =COUNTIF(Libraries!$C$2:$C$56,"National") -> 21
A28: Sub-national | B28: =COUNTIF(Libraries!$C$2:$C$56,"Sub-national") -> 21
A29: Libraries under 200 samples | B29: =COUNTIF(Libraries!$I$2:$I$56,"Yes") -> 4 | C29: Flagged, not excluded (no minimum-size rule applied)
A31: Countries
A32: Countries covered by at least one library | B32: =COUNTIF('Country coverage'!$C$2:$C$43,">0") -> 42
A33: … with a national library | B33: =COUNTIF('Country coverage'!$G$2:$G$43,"National") -> 15
A34: … sub-national only | B34: =COUNTIF('Country coverage'!$G$2:$G$43,"Sub-national only") -> 8
A35: … multi-country only | B35: =COUNTIF('Country coverage'!$G$2:$G$43,"Multi-country only") -> 19
A37: Screening criteria (coded in Papers, columns AK–AT)
A38: C1 Soil-specific | C38: Spectra are of soils (excludes general mineral/rock/vegetation libraries).
A39: C2 Spectroscopic | C39: The study measures or analyses soil spectra (any range: vis-NIR, MIR, LWIR).
A40: C3 Library-scale data | C40: Spectra come from, or are added to, an identifiable library spanning multiple fields/sites, or the authors present the dataset as a library. Single-field, single-site or trial studies with no library = No.
A41: Decision | C41: Include if C1–C3 are all Yes; Check if any is Check; Exclude otherwise; duplicates excluded first. Computed by formula – edit the yellow cells, not the decision.
A42: Paper role | C42: Introduces (first describes the library) · Extends / updates (new release, opening, service built on it) · Methods for (standardisation, harmonisation, QA of that library) · Uses (calibration/application).
A43: Minimum size | C43: None applied. Libraries under 200 samples are flagged in Libraries column I so a threshold can be set later.
A44: Unit of analysis | C44: Libraries, not papers. Country and scale statistics count distinct libraries (sheet Libraries), so heavily published libraries are counted once.
A45: Yellow cells | C45: Coding inputs. Change them and every decision, count and the coverage table update.

Sheet Papers
A1: Authors | B1: Title | C1: Year | D1: DOI | E1: Library Name | F1: Scale | G1: Country/Region | H1: Continent | I1: Number of Samples | J1: Soil Types | K1: Land Use | L1: Sampling Depth | M1: Sampling Strategy | N1: Spectral Region | O1: Wavelength Range (nm) | P1: Instrument | Q1: Spectral Resolution | R1: Sample Preparation | S1: Measurement Conditions | T1: Reference Soil Properties | U1: Laboratory Methods | V1: Spectral Preprocessing | W1: Feature Selection | X1: Modelling Method | Y1: Validation Method | Z1: Performance Metrics | AA1: QA/QC | AB1: Metadata Included | AC1: Data Availability | AD1: FAIR Compliance | AE1: Standardization Protocol | AF1: Harmonization Method | AG1: Main Applications | AH1: Main Challenges | AI1: Future Recommendations | AJ1: Key Findings | AK1: C1 Soil-specific | AL1: C2 Spectroscopic | AM1: C3 Library-scale data | AN1: Duplicate of row | AO1: Screening decision | AP1: Exclusion reason / notes | AQ1: Paper role | AR1: Library ID | AS1: Secondary library ID | AT1: Library name
A2: Reddy B.S.; Shwetha H.R. | B2: Integrating Soil Spectral Library and PRISMA Data to Estimate Soil Organic Carbon in Crop Lands | C2: 2024 | D2: 10.1109/LGRS.2024.3374824 | E2: - | F2: - | G2: - | H2: - | I2: - | J2: - | K2: - | L2: Topsoil (cropland) | M2: Synthesized soil spectral library developed under laboratory conditions, integrated with PRISMA hyperspectral data for local-scale SOC mapping in Indian croplands | N2: vis-NIR-SWIR (laboratory SSL + PRISMA imagery) | O2: ~400-2500 (PRISMA hyperspectral range) | P2: Laboratory spectroradiometer (synthesized SSL) + PRISMA spaceborne hyperspectral sensor | Q2: PRISMA ~10 nm hyperspectral bands | R2: Laboratory-synthesized/prepared samples | S2: Laboratory (SSL) and spaceborne (PRISMA) | T2: Soil organic carbon (SOC) | U2: Walkley-Black method (SOC) | V2: Not specified in available sources | W2: Not specified in available sources | X2: Machine learning (ML) algorithms integrating synthesized SSL with PRISMA data | Y2: Local-scale validation of SOC estimation | Z2: R2/RMSE (not further specified in available sources) | AA2: Not specified in available sources | AB2: Cropland location, sensor type | AC2: Restricted (study dataset); PRISMA products (c)ASI | AD2: Partial | AE2: Not specified in available sources | AF2: Bridging synthesized laboratory SSL with spaceborne hyperspectral data via ML | AG2: Local-scale cropland SOC mapping for food security (SDG 2) in developing nations | AH2: Inconsistent calibration libraries and impractical regular sample collection between crop rotations in agriculture-predominant countries like India | AI2: Use laboratory-synthesized SSLs fused with hyperspectral (PRISMA) data to overcome sample-collection constraints in developing nations | AJ2: To overcome impractical repeated soil sampling in Indian croplands, this study developed a laboratory-synthesized soil spectral library and fused it with PRISMA hyperspectral data using machine learning, bridging the gap between synthesized SSL and satellite data for local-scale SOC mapping in support of food security. | AK2: Yes | AL2: Yes | AM2: Yes | AO2: =IF(AN2<>"","Exclude (duplicate)",IF(OR(AK2="Check",AL2="Check",AM2="Check"),"Check",IF(AND(AK2="Yes",AL2="Yes",AM2="Yes"),"Include","Exclude"))) -> Include | AQ2: Introduces | AR2: IN-PRISMA | AT2: =IF(AR2="","",IFERROR(INDEX(Libraries!$B:$B,MATCH(AR2,Libraries!$A:$A,0)),"ID not found")) -> Laboratory-synthesised cropland SSL (India)
A3: Clingensmith C.M.; Grunwald S. | B3: Transferring and Spiking of VNIR Models for Soil Property Predictions in Southern India | C3: 2025 | D3: 10.1080/00103624.2025.2522188 | E3: - | F3: - | G3: Southern India | H3: Asia | I3: - | J3: - | K3: - | AK3: Yes | AL3: Yes | AM3: Yes | AO3: =IF(AN3<>"","Exclude (duplicate)",IF(OR(AK3="Check",AL3="Check",AM3="Check"),"Check",IF(AND(AK3="Yes",AL3="Yes",AM3="Yes"),"Include","Exclude"))) -> Include | AP3: Assumed KSSL vis-NIR models transferred to India – check | AQ3: Uses | AR3: US-KSSL-VNIR | AT3: =IF(AR3="","",IFERROR(INDEX(Libraries!$B:$B,MATCH(AR3,Libraries!$A:$A,0)),"ID not found")) -> USDA NSSC-KSSL vis-NIR library
A4: Clairotte M.; Grinand C.; Kouakoua E.; Thébault A.; Saby N.P.A.; Bernoux M.; Barthès B.G. | B4: National calibration of soil organic carbon concentration using diffuse infrared reflectance spectroscopy | C4: 2016 | D4: 10.1016/j.geoderma.2016.04.021 | E4: - | F4: National | G4: France | H4: Europe | I4: - | J4: - | K4: - | AK4: Yes | AL4: Yes | AM4: Yes | AO4: =IF(AN4<>"","Exclude (duplicate)",IF(OR(AK4="Check",AL4="Check",AM4="Check"),"Check",IF(AND(AK4="Yes",AL4="Yes",AM4="Yes"),"Include","Exclude"))) -> Include | AQ4: Introduces | AR4: FR-RMQS-IR | AT4: =IF(AR4="","",IFERROR(INDEX(Libraries!$B:$B,MATCH(AR4,Libraries!$A:$A,0)),"ID not found")) -> French RMQS NIR/MIR national library
A5: Paiva A.F.D.S.; Poppiel R.R.; Rosin N.A.; Greschuk L.T.; Rosas J.T.F.; Demattê J.A.M. | B5: The Brazilian Program of soil analysis via spectroscopy (ProBASE): Combining spectroscopy and wet laboratories to understand new technologies | C5: 2022 | D5: 10.1016/j.geoderma.2022.115905 | E5: BSSL | F5: National | G5: Brazil | H5: South America | I5: ~7000 | J5: Brazilian agricultural soils | K5: Agriculture | AK5: Yes | AL5: Yes | AM5: Yes | AO5: =IF(AN5<>"","Exclude (duplicate)",IF(OR(AK5="Check",AL5="Check",AM5="Check"),"Check",IF(AND(AK5="Yes",AL5="Yes",AM5="Yes"),"Include","Exclude"))) -> Include | AQ5: Uses | AR5: BR-BSSL | AT5: =IF(AR5="","",IFERROR(INDEX(Libraries!$B:$B,MATCH(AR5,Libraries!$A:$A,0)),"ID not found")) -> Brazilian Soil Spectral Library (BSSL, vis-NIR-SWIR)
A6: Poppiel R.R.; Paiva A.F.D.S.; Demattê J.A.M. | B6: Bridging the gap between soil spectroscopy and traditional laboratory: Insights for routine implementation | C6: 2022 | D6: 10.1016/j.geoderma.2022.116029 | E6: Brazilian Soil Spectral Library (BSSL) | F6: Regional | G6: Brazil | H6: South America | I6: ~7200 | J6: Ferralsols, Acrisols, Lixisols, Cambisols, Arenosols, Plinthosols, Nitisols | K6: Agricultural | L6: Not specified in available sources | M6: Samples from 36 commercial laboratories in Brazil and Paraguay; spectra-based systematic sampling for subset selection | N6: vis-NIR-SWIR (BSSL-based) | O6: 350-2500 | P6: ASD FieldSpec-type spectroradiometer | Q6: Not specified in available sources | R6: Air-dried, ground, sieved (routine commercial lab prep) | S6: Laboratory (commercial analytical labs) | T6: Routine fertility/analytical properties (commercial lab suite) | U6: Standard commercial soil testing methods | V6: Not specified in available sources | W6: Spectral clustering to detect outlying attributes, adjusted to data distribution | X6: Spectra-based systematic sampling combined with BSSL calibration models | Y6: Comparison of spectroscopy-based vs traditional wet-chemistry results across 36 labs | Z6: ~25% of labs had potential to reduce need for lab analysis by at least 50% | AA6: Internal quality control via spectral clustering/outlier detection; analytical quality assessment across labs | AB6: Laboratory identity, country (Brazil/Paraguay), attribute distributions | AC6: Restricted (commercial lab data, BSSL-linked) | AD6: Partial | AE6: Recommends standards/protocols for routine lab uptake of spectroscopy | AF6: Spectra-based systematic sampling to equally distribute attributes among calibration subsets | AG6: Bridging soil spectroscopy into routine commercial soil-testing laboratory workflows | AH6: Lack of standards/protocols, spectral libraries, chemometrics capacity, and trained professionals in routine labs | AI6: Develop standards/protocols, expand spectral libraries, and build chemometrics capacity/professional training for routine lab adoption | AJ6: Analyzing 36 commercial labs in Brazil and Paraguay, this study found nearly 25% could cut wet-chemistry lab analysis needs by at least half using soil spectroscopy, but broader adoption is limited by a lack of standards, protocols, spectral libraries, and chemometrics expertise in routine labs. | AK6: Yes | AL6: Yes | AM6: Yes | AO6: =IF(AN6<>"","Exclude (duplicate)",IF(OR(AK6="Check",AL6="Check",AM6="Check"),"Check",IF(AND(AK6="Yes",AL6="Yes",AM6="Yes"),"Include","Exclude"))) -> Include | AQ6: Uses | AR6: BR-BSSL | AT6: =IF(AR6="","",IFERROR(INDEX(Libraries!$B:$B,MATCH(AR6,Libraries!$A:$A,0)),"ID not found")) -> Brazilian Soil Spectral Library (BSSL, vis-NIR-SWIR)
A7: Leenen M.; Pätzold S.; Tóth G.; Welp G. | B7: A LUCAS-based mid-infrared soil spectral library: Its usefulness for soil survey and precision agriculture | C7: 2022 | D7: 10.1002/jpln.202100031 | E7: LUCAS | F7: Continental | G7: Belgium, Luxembourg, Germany, Netherlands | H7: Europe | I7: 1013 | J7: Cambisols, Stagnosols, Luvisols, Chernozems, Regosols, Arenosols, Retisols | K7: Agricultural/Arable | L7: Topsoil (arable) | M7: LUCAS 2009 survey samples subset (Belgium, Netherlands, Luxembourg, Germany) | N7: MIR (mid-infrared) | O7: Mid-infrared range (typically ~2500-15000 nm / 4000-650 cm-1) | P7: FTIR bench-top spectrometer | Q7: Not specified in detail | R7: Air-dried, sieved, ground topsoil | S7: Laboratory | T7: Clay content and other soil properties (texture, nutrients) | U7: Standard wet-chemistry reference methods (LUCAS protocol) | V7: Not detailed | W7: None specified | X7: Partial Least Squares Regression (PLSR); generic and parent-material-stratified models | Y7: Leave-one-out cross-validation (LOOCV) | Z7: R2 (e.g. ~0.89, 0.85, 0.88 for clay prediction across models) | AA7: Stratification by parent material to reduce error | AB7: Parent material, land use, location | AC7: Restricted (subset of LUCAS) | AD7: Partial | AE7: LUCAS survey protocol | AF7: Stratification by parent material for local calibration | AG7: Soil survey at regional scale and precision agriculture at field scale | AH7: Transferability of generic models to field-scale precision agriculture applications | AI7: Further stratification and local calibration to improve field-scale applicability | AJ7: A 1,013-sample MIR library built from LUCAS topsoil data across four countries achieved strong clay-content prediction (R2 up to ~0.89) and shows promise for both regional soil survey and precision agriculture use. | AK7: Yes | AL7: Yes | AM7: Yes | AO7: =IF(AN7<>"","Exclude (duplicate)",IF(OR(AK7="Check",AL7="Check",AM7="Check"),"Check",IF(AND(AK7="Yes",AL7="Yes",AM7="Yes"),"Include","Exclude"))) -> Include | AQ7: Introduces | AR7: EU-LUCAS-MIR4 | AT7: =IF(AR7="","",IFERROR(INDEX(Libraries!$B:$B,MATCH(AR7,Libraries!$A:$A,0)),"ID not found")) -> LUCAS-based MIR library (BE/LU/DE/NL)
A8: Gao S.; Li X.; Ding J.; Li B.; Wu X.; Tian J.; Ge X.; Zhu C.; Wang J.; Zhang Z. | B8: Unveiling the Advantages of UV−Vis/NIR−pXRF Data Fusion for Precise Estimation of Soil Heavy Metals in Farmland | C8: 2026 | D8: 10.1002/ldr.70488 | E8: - | F8: Local | G8: Xinjiang, China | H8: Asia | I8: 110 | J8: Agriculture soils | K8: Agricultural, grassland, and forest | AK8: Yes | AL8: Yes | AM8: No | AO8: =IF(AN8<>"","Exclude (duplicate)",IF(OR(AK8="Check",AL8="Check",AM8="Check"),"Check",IF(AND(AK8="Yes",AL8="Yes",AM8="Yes"),"Include","Exclude"))) -> Exclude | AP8: Local study (110 samples), no library | AQ8: — | AT8: =IF(AR8="","",IFERROR(INDEX(Libraries!$B:$B,MATCH(AR8,Libraries!$A:$A,0)),"ID not found"))
A9: Ma Y.; Roudier P.; Kumar K.; Palmada T.; Grealish G.; Carrick S.; Lilburne L.; Triantafilis J. | B9: A soil spectral library of New Zealand | C9: 2023 | D9: 10.1016/j.geodrs.2023.e00726 | E9: New Zealand Soil Classification (NZSC) | F9: National | G9: New Zealand | H9: Oceania | I9: 11246 | J9: All 14 NZSC orders: Allophanic, Brown, Gley, Granular, Melanic, Organic, Oxidic, Pallic, Podzols, Pumice, Raw, Recent, Semi-arid, Ultic | K9: Agricultural/Arable and Forest | L9: Topsoil (0-15/0-30 cm typical NZ survey depths) | M9: National compilation across all 14 NZSC soil orders | N9: vis-NIR and MIR | O9: vis-NIR 350-2500; MIR 2500-25000 | P9: ASD FieldSpec-type (vis-NIR) and FTIR (MIR) spectrometers | Q9: Not specified in available sources | R9: Air-dried, ground, sieved | S9: Laboratory | T9: Wide range: texture, SOC, minerals (iron oxides), fertility properties | U9: Standard NZ soil reference methods | V9: Not specified in available sources | W9: Not specified in available sources | X9: PLSR | Y9: Cross-validation | Z9: R2 (property-dependent) | AA9: Not specified in available sources | AB9: NZSC soil order, location, land use | AC9: Restricted/institutional (Manaaki Whenua/Landcare Research) | AD9: Partial | AE9: Not specified in available sources | AF9: Compilation across historical NZ soil surveys | AG9: National soil classification, mineral identification, property prediction | AH9: Combining legacy data collected under varying protocols | AI9: Continued harmonization and expansion of national coverage | AJ9: First comprehensive national soil spectral library for New Zealand spanning all 14 NZSC soil orders, enabling vis-NIR/MIR-based classification and property prediction across highly diverse volcanic, pastoral, and forest soils. | AK9: Yes | AL9: Yes | AM9: Yes | AO9: =IF(AN9<>"","Exclude (duplicate)",IF(OR(AK9="Check",AL9="Check",AM9="Check"),"Check",IF(AND(AK9="Yes",AL9="Yes",AM9="Yes"),"Include","Exclude"))) -> Include | AQ9: Introduces | AR9: NZ-SSL | AT9: =IF(AR9="","",IFERROR(INDEX(Libraries!$B:$B,MATCH(AR9,Libraries!$A:$A,0)),"ID not found")) -> New Zealand soil spectral library
A10: Moloney J.P.; Ma Y.; Stockmann U.; Manu V.T.; Minoneti V.; Hui S.T.; Halavatau S.M.; Patolo S.; Tukia T.; Foliaki S.; Carter T.; Macdonald B.C.T.; Barringer J.; Roudier P. | B10: Rapid soil attribute evaluation for soil security assessments in data-poor environments in the Pacific region | C10: 2024 | D10: 10.1016/j.soisec.2024.100161 | E10: New Zealand vis-NIR soil spectral library | F10: Local | G10: Tonga, New Zealand | H10: Oceania | I10: 11246 | J10: Allophanic soils and Coastal coral sands | K10: Diverse/Agricultural | AK10: Yes | AL10: Yes | AM10: Yes | AO10: =IF(AN10<>"","Exclude (duplicate)",IF(OR(AK10="Check",AL10="Check",AM10="Check"),"Check",IF(AND(AK10="Yes",AL10="Yes",AM10="Yes"),"Include","Exclude"))) -> Include | AQ10: Uses | AR10: NZ-SSL | AT10: =IF(AR10="","",IFERROR(INDEX(Libraries!$B:$B,MATCH(AR10,Libraries!$A:$A,0)),"ID not found")) -> New Zealand soil spectral library
A11: Nocita M.; Kooistra L.; Bachmann M.; Müller A.; Powell M.; Weel S. | B11: Predictions of soil surface and topsoil organic carbon content through the use of laboratory and field spectroscopy in the Albany Thicket Biome of Eastern Cape Province of South Africa | C11: 2011 | D11: 10.1016/j.geoderma.2011.09.018 | E11: - | F11: Local | G11: Albany Thicket Biome, South Africa | H11: Africa | I11: 113 | J11: Subtropical thicket vegetation soils | K11: Subtropical thicket and open savannah | AK11: Yes | AL11: Yes | AM11: No | AO11: =IF(AN11<>"","Exclude (duplicate)",IF(OR(AK11="Check",AL11="Check",AM11="Check"),"Check",IF(AND(AK11="Yes",AL11="Yes",AM11="Yes"),"Include","Exclude"))) -> Exclude | AP11: Local calibration study (113 samples), no library | AQ11: — | AT11: =IF(AR11="","",IFERROR(INDEX(Libraries!$B:$B,MATCH(AR11,Libraries!$A:$A,0)),"ID not found"))
A12: Francos N.; Ben-Dor E. | B12: A transfer function to predict soil surface reflectance from laboratory soil spectral libraries | C12: 2022 | D12: 10.1016/j.geoderma.2021.115432 | E12: - | F12: Local | G12: Israel, Italy, Greece | H12: Asia/Europe | I12: 115 | J12: Alluvial, Leptosol, Ferrosol, Fluvisol, Cambisol | K12: Agricultural | L12: Surface | M12: Local samples from Israel, Italy, Greece used to build transfer function between lab and field reflectance | N12: vis-NIR-SWIR | O12: 350-2500 | P12: ASD FieldSpec-type (lab) and field spectroradiometer | Q12: Not specified in available sources | R12: Laboratory: air-dried, sieved; Field: undisturbed surface | S12: Both laboratory and field | T12: Soil surface reflectance; water infiltration rate (surface-dependent property) | U12: Standard reference methods for surface property assessment | V12: Not specified in available sources | W12: None specified | X12: Transfer function (TF) between laboratory and field spectral levels | Y12: Cross-validation between predicted and measured field reflectance | Z12: Improved spectral assessment accuracy of surface-dependent property (not further specified) | AA12: Internal Soil Standard (ISS) used as reference | AB12: Site, soil type | AC12: Restricted | AD12: Partial | AE12: ISS (Lucky Bay) protocol basis | AF12: Transfer function linking laboratory spectral libraries to field surface reflectance | AG12: Predicting field/in-situ soil surface reflectance from existing laboratory spectral libraries | AH12: Laboratory spectra do not directly represent field surface conditions (roughness, moisture, crusting) | AI12: Extend transfer function approach to more regions/soil types and additional surface-dependent properties | AJ12: A transfer function developed between laboratory and field spectral measurements enabled existing laboratory SSLs to predict field-level soil surface reflectance and a surface-dependent property (water infiltration) across three Mediterranean countries. | AK12: Yes | AL12: Yes | AM12: No | AO12: =IF(AN12<>"","Exclude (duplicate)",IF(OR(AK12="Check",AL12="Check",AM12="Check"),"Check",IF(AND(AK12="Yes",AL12="Yes",AM12="Yes"),"Include","Exclude"))) -> Exclude | AP12: Transfer-function method; own 115 samples, no identifiable library | AQ12: — | AT12: =IF(AR12="","",IFERROR(INDEX(Libraries!$B:$B,MATCH(AR12,Libraries!$A:$A,0)),"ID not found"))
A13: Daempfling H.L.C.; Milewski R.; Notesco G.; Ben-Dor E.; Chabrillat S. | B13: Advancing Hyperspectral LWIR Imaging of Soils with a Controlled Laboratory Setup | C13: 2025 | D13: 10.3390/rs17233926 | E13: Legacy soil spectral library of Tel-Aviv University (Israel) | F13: National | G13: Israel | H13: Asia | I13: 12 | J13: Rhodoxeralf, Haploxeroll, Xerert, Calciorthid, Torriorthent, Haplargid | K13: Agricultural/Arid | L13: Surface soil samples (Tel-Aviv University legacy library subset) | M13: 12 variable soil samples selected from Israeli legacy SSL for controlled LWIR imaging | N13: LWIR (longwave/thermal infrared) | O13: ~8000-12000 (Telops Hyper-Cam LW range) | P13: Telops Hyper-Cam LW (Fourier-transform hyperspectral LWIR imaging spectrometer) | Q13: Per Hyper-Cam LW sensor specification (FTIR-based) | R13: Air-dried soils placed on heating plate with gold reference plate | S13: Controlled indoor laboratory setup, replicating airborne/spaceborne LWIR passive emissivity measurement | T13: Mineral composition (quartz, clay minerals, carbonates); organic carbon (Walkley-Black) | U13: XRD mineralogy; Walkley-Black organic carbon | V13: Spatial Averaging Before Blackbody Fitting (SABBF) method | W13: None specified | X13: Semi-quantitative mineral estimation from emissivity spectra | Y13: Comparison of lab emissivity results with outdoor Hyper-Cam LW measurements and XRD mineralogy | Z13: Good agreement between lab and outdoor LWIR spectra and XRD-based mineralogy (qualitative) | AA13: Rigorous calibration protocols; blackbody fitting-based temperature/emissivity retrieval | AB13: Soil type (e.g. Torriorthent), sample ID | AC13: Restricted (Tel-Aviv University legacy library subset) | AD13: Partial | AE13: Custom controlled laboratory LWIR protocol (calibration plate, SABBF) | AF13: Designed to bridge laboratory measurements and remote sensing (airborne/spaceborne) LWIR observations | AG13: Weather-independent laboratory-based mineral characterization via LWIR imaging spectroscopy | AH13: Achieving accurate indirect-emissivity retrieval indoors without natural downwelling radiance | AI13: Apply controlled LWIR laboratory setup more broadly to support airborne/spaceborne LWIR soil mineral mapping missions | AJ13: A new controlled laboratory LWIR hyperspectral imaging setup (Telops Hyper-Cam LW with SABBF processing) produced soil emissivity spectra that agreed well with outdoor measurements and XRD mineralogy, enabling weather-independent semi-quantitative soil mineral characterization. | AK13: Yes | AL13: Yes | AM13: Yes | AO13: =IF(AN13<>"","Exclude (duplicate)",IF(OR(AK13="Check",AL13="Check",AM13="Check"),"Check",IF(AND(AK13="Yes",AL13="Yes",AM13="Yes"),"Include","Exclude"))) -> Include | AP13: Uses 12 samples from the TAU legacy library for LWIR imaging | AQ13: Methods for | AR13: IL-TAU | AT13: =IF(AR13="","",IFERROR(INDEX(Libraries!$B:$B,MATCH(AR13,Libraries!$A:$A,0)),"ID not found")) -> Tel Aviv University legacy soil spectral library
A14: Bartholomeus H.; Schaepman-Strub G.; Blok D.; Sofronov R.; Udaltsov S. | B14: Spectral estimation of soil properties in siberian tundra soils and relations with plant species composition | C14: 2012 | D14: 10.1155/2012/241535 | E14: - | F14: Regional | G14: Siberia, Russia | H14: Asia | I14: 128 | J14: Organic and mineral tundra soils | K14: Nature (Shrub, Sedges) | AK14: Yes | AL14: Yes | AM14: No | AO14: =IF(AN14<>"","Exclude (duplicate)",IF(OR(AK14="Check",AL14="Check",AM14="Check"),"Check",IF(AND(AK14="Yes",AL14="Yes",AM14="Yes"),"Include","Exclude"))) -> Exclude | AP14: Local tundra study (128 samples), no library | AQ14: — | AT14: =IF(AR14="","",IFERROR(INDEX(Libraries!$B:$B,MATCH(AR14,Libraries!$A:$A,0)),"ID not found"))
A15: Cambule A.H.; Rossiter D.G.; Stoorvogel J.J.; Smaling E.M.A. | B15: Building a near infrared spectral library for soil organic carbon estimation in the Limpopo National Park, Mozambique | C15: 2012 | D15: 10.1016/j.geoderma.2012.03.011 | E15: Limpopo National Park (LNP) SSL | F15: Regional | G15: Mozambique | H15: Africa | I15: 129 | J15: Arenosols, Haplic Luvisols, Ferralic Arenosols, Eutric Fluvisols, Eutric Leptosols | K15: Conservation Area, Grassland/Savanna, Subsistence Agriculture | L15: Topsoil | M15: 129 samples across Limpopo National Park land uses/soil types | N15: NIR | O15: Standard NIR range (not further specified in available sources) | P15: NIR spectrometer | Q15: Not specified in available sources | R15: Air-dried, ground, sieved | S15: Laboratory | T15: Soil organic carbon (SOC); clay content used as covariate | U15: Standard SOC and clay content reference methods | V15: Not specified in available sources | W15: None specified | X15: PLSR, combining spectral NIR data with clay content as covariate | Y15: Cross-validation | Z15: R2=0.84, RMSE=0.28% for SOC; clay content covariate explained 32% of variance | AA15: Not specified in available sources | AB15: Land use, soil type, location within park | AC15: Restricted (regional LNP SSL) | AD15: Partial | AE15: Not specified in available sources | AF15: Not specified in available sources | AG15: Cost-efficient SOC estimation for conservation area/protected park management | AH15: Limited sample density in a poorly-accessible conservation area | AI15: Combine spectral data with auxiliary environmental covariates (e.g. clay content) to improve SOC prediction accuracy | AJ15: Combining NIR spectral data with clay content as a covariate in a PLSR model substantially improved SOC prediction (R2=0.84, RMSE=0.28%) for soils across the Limpopo National Park, Mozambique, demonstrating a cost-efficient approach for conservation-area soil monitoring. | AK15: Yes | AL15: Yes | AM15: Yes | AO15: =IF(AN15<>"","Exclude (duplicate)",IF(OR(AK15="Check",AL15="Check",AM15="Check"),"Check",IF(AND(AK15="Yes",AL15="Yes",AM15="Yes"),"Include","Exclude"))) -> Include | AQ15: Introduces | AR15: MZ-LNP | AT15: =IF(AR15="","",IFERROR(INDEX(Libraries!$B:$B,MATCH(AR15,Libraries!$A:$A,0)),"ID not found")) -> Limpopo National Park NIR library
A16: Safanelli J.L.; Hengl T.; Parente L.L.; Minarik R.; Bloom D.E.; Todd-Brown K.; Gholizadeh A.; de Sousa Mendes W.; Sanderman J. | B16: Open Soil Spectral Library (OSSL): Building reproducible soil calibration models through open development and community engagement | C16: 2025 | D16: 10.1371/journal.pone.0296545 | E16: OSSL | F16: Global | G16: NA | H16: EU, N & S America | I16: 135651 | J16: Global diversity covering KSSL, AfSIS, LUCAS, ISRIC, CAF | K16: Diverse/Global | L16: Variable (topsoil and subsoil), compiled from multiple contributing libraries | M16: Aggregated from multiple national/regional libraries (KSSL, AfSIS, LUCAS, ISRIC, CAF, etc.) | N16: VisNIR and MIR | O16: VisNIR ~350-2500; MIR ~2500-15000 (4000-600 cm-1) | P16: Multiple instruments harmonized across contributing labs | Q16: Varies by contributing lab/instrument | R16: Varies by source library (typically air-dried, ground, sieved) | S16: Laboratory (multiple labs) | T16: Wide range: SOC, texture, pH, CEC, nutrients, etc. | U16: Varies by contributing lab | V16: Harmonization pipeline (open-source R workflow) | W16: None specified as standard step | X16: Machine learning calibration models (open, reproducible pipeline) | Y16: Cross-validation within reproducible ML pipeline | Z16: R2, RMSE reported per property/model | AA16: Open development and community engagement for quality review | AB16: Location, source library, soil properties, instrument metadata | AC16: Open (public, reproducible, Zenodo-hosted) | AD16: High - explicitly designed for open, reproducible, FAIR data science | AE16: OSSL harmonization/standardization pipeline (soilspectroscopy.org) | AF16: Combines and harmonizes KSSL, AfSIS, LUCAS, ISRIC, CAF and other libraries into unified open dataset | AG16: Reproducible open soil calibration model development; community-driven soil spectroscopy | AH16: Spatial over-representation of USA/EU with limited data in Asia, South America, Australia | AI16: Expand geographic diversity; continued community engagement and contribution | AJ16: OSSL compiles ~91,600 MIR and ~65,000 VisNIR scans from multiple global libraries into an open, reproducible calibration and modeling resource, though it over-represents USA and EU soils relative to other continents. | AK16: Yes | AL16: Yes | AM16: Yes | AO16: =IF(AN16<>"","Exclude (duplicate)",IF(OR(AK16="Check",AL16="Check",AM16="Check"),"Check",IF(AND(AK16="Yes",AL16="Yes",AM16="Yes"),"Include","Exclude"))) -> Include | AQ16: Introduces | AR16: GL-OSSL | AT16: =IF(AR16="","",IFERROR(INDEX(Libraries!$B:$B,MATCH(AR16,Libraries!$A:$A,0)),"ID not found")) -> Open Soil Spectral Library (OSSL)
A17: van Leeuwen C.C.E.; Mulder V.L.; Heuvelink G.B.M. | B17: The effect of modeller's choices and measurement errors on the performance of MIR soil spectroscopy models | C17: 2026 | D17: 10.1016/j.geoderma.2026.117804 | E17: KSSL/LUCAS | F17: National | G17: Netherlands | H17: Europe | I17: 136 | J17: Netherlands soils and USA soils | K17: Diverse | AK17: Yes | AL17: Yes | AM17: Yes | AO17: =IF(AN17<>"","Exclude (duplicate)",IF(OR(AK17="Check",AL17="Check",AM17="Check"),"Check",IF(AND(AK17="Yes",AL17="Yes",AM17="Yes"),"Include","Exclude"))) -> Include | AP17: Library links taken from sheet ("KSSL/LUCAS") – check | AQ17: Methods for | AR17: US-KSSL-MIR | AS17: EU-LUCAS-VNIR | AT17: =IF(AR17="","",IFERROR(INDEX(Libraries!$B:$B,MATCH(AR17,Libraries!$A:$A,0)),"ID not found")) -> USDA NSSC-KSSL MIR library
A18: Santra P.; Singh R.; Sarathjith M.C.; Panwar N.R.; Varghese P.; Das B.S. | B18: Reflectance spectroscopic approach for estimation of soil properties in hot arid western Rajasthan, India | C18: 2015 | D18: 10.1007/s12665-015-4383-x | E18: India Regional | F18: Regional | G18: Western Rajasthan, India | H18: Asia | I18: 138 | J18: Hot arid surface soils | K18: Agricultural/Cropland, Grassland and Dunes | L18: Surface (hot arid soils) | M18: 138 soil samples from hot arid western Rajasthan compiled into a regional spectral library | N18: vis-NIR-SWIR | O18: 350-2500 | P18: vis-NIR-SWIR spectroradiometer | Q18: Not specified in available sources | R18: Air-dried, ground, sieved | S18: Laboratory | T18: Sand and clay content, and other basic soil properties | U18: Standard reference methods for texture and basic soil properties | V18: Derived band reflectance | W18: Principal components (PCs) and derived band reflectance | X18: Linear models using PCs/derived band reflectance; PLSR found even better than PC-based and band-reflectance models | Y18: Cross-validation | Z18: Sand and clay content satisfactorily estimated (R2/RMSE property-dependent) | AA18: Not specified in available sources | AB18: Location, arid land-use type | AC18: Restricted (regional Indian arid-zone SSL) | AD18: Partial | AE18: Not specified in available sources | AF18: Not specified in available sources | AG18: Rapid assessment of soil resources and land degradation monitoring in hot arid regions | AH18: Conventional soil sampling and lab analysis in hot arid tracts is a formidable, resource-intensive task | AI18: Use PLSR-based reflectance models for rapid soil resource assessment in arid regions; expand the arid-zone spectral library | AJ18: A 138-sample vis-NIR-SWIR spectral library for hot arid western Rajasthan enabled satisfactory estimation of sand and clay content, with PLSR models outperforming PC-based and band-reflectance approaches, supporting rapid soil resource assessment and land degradation monitoring in extreme arid environments. | AK18: Yes | AL18: Yes | AM18: Yes | AO18: =IF(AN18<>"","Exclude (duplicate)",IF(OR(AK18="Check",AL18="Check",AM18="Check"),"Check",IF(AND(AK18="Yes",AL18="Yes",AM18="Yes"),"Include","Exclude"))) -> Include | AQ18: Introduces | AR18: IN-RAJ | AT18: =IF(AR18="","",IFERROR(INDEX(Libraries!$B:$B,MATCH(AR18,Libraries!$A:$A,0)),"ID not found")) -> Western Rajasthan vis-NIR-SWIR library
A19: Makhamreh Z.; Kakish S.; Bani K.H. | B19: An Investigation of Soil Spectral Characteristics under Different Conditions in Jordan | C19: 2024 | D19: 10.52939/ijg.v20i6.3335 | E19: - | F19: National | G19: Jordan | H19: Asia | I19: 143 | J19: Typic Chromoxerets, Haploxeroils, Xerochreptic Calciorthids | K19: Forest and Agricultural/Cropland | L19: Surface (soil profile-linked sampling) | M19: Field sampling paired with soil profile description across northern Jordan | N19: vis-NIR-SWIR | O19: 350-2500 | P19: Field/laboratory spectroradiometer | Q19: Not specified in available sources | R19: Air-dried; chemical analysis via infrared cell in high-frequency induction oven | S19: Laboratory | T19: Iron oxides, organic carbon, inorganic carbon | U19: High-frequency induction oven infrared cell analysis; USDA soil classification/profile description | V19: Not specified in available sources | W19: None specified | X19: Feature-space grouping/classification by reflectance-property relationships (not machine-learning regression) | Y19: Not specified in available sources | Z19: Qualitative pattern classification (iron-affected, organic-carbon-affected, inorganic-carbon-affected soil groups) | AA19: Not specified in available sources | AB19: Soil profile description, USDA classification | AC19: Not specified in available sources | AD19: Not specified in available sources | AE19: Not specified in available sources | AF19: Not specified in available sources | AG19: Preliminary soil description/classification using spectroscopy instead of full traditional profile analysis | AH19: Distinguishing overlapping spectral influences of iron, organic and inorganic carbon under varying climatic conditions | AI19: Use soil spectroscopy as a rapid preliminary classification tool ahead of full traditional soil profiling | AJ19: Vis-NIR-SWIR reflectance (350-2500 nm) of northern Jordan soils correlated strongly with organic carbon (linked to clay/CEC) and inorganic carbon (linked to silt/carbonate content), supporting spectroscopy as a promising preliminary soil classification tool under varying climatic conditions. | AK19: Yes | AL19: Yes | AM19: No | AO19: =IF(AN19<>"","Exclude (duplicate)",IF(OR(AK19="Check",AL19="Check",AM19="Check"),"Check",IF(AND(AK19="Yes",AL19="Yes",AM19="Yes"),"Include","Exclude"))) -> Exclude | AP19: Spectral characterisation study (143 samples), no library | AQ19: — | AT19: =IF(AR19="","",IFERROR(INDEX(Libraries!$B:$B,MATCH(AR19,Libraries!$A:$A,0)),"ID not found"))
A20: Gholizadeh A.; Neumann C.; Chabrillat S.; van Wesemael B.; Castaldi F.; Borůvka L.; Sanderman J.; Klement A.; Hohmann C. | B20: Soil organic carbon estimation using VNIR–SWIR spectroscopy: The effect of multiple sensors and scanning conditions | C20: 2021 | D20: 10.1016/j.still.2021.105017 | E20: - | F20: Local | G20: Czech Republic | H20: Europe | I20: 143 | J20: Agricultural soils | K20: Agricultural/Arable | AK20: Yes | AL20: Yes | AM20: No | AO20: =IF(AN20<>"","Exclude (duplicate)",IF(OR(AK20="Check",AL20="Check",AM20="Check"),"Check",IF(AND(AK20="Yes",AL20="Yes",AM20="Yes"),"Include","Exclude"))) -> Exclude | AP20: Sensor-comparison study (143 samples), no library | AQ20: — | AT20: =IF(AR20="","",IFERROR(INDEX(Libraries!$B:$B,MATCH(AR20,Libraries!$A:$A,0)),"ID not found"))
A21: Clingensmith C.M.; Grunwald S. | B21: Predicting Soil Properties and Interpreting Vis-NIR Models from across Continental United States | C21: 2022 | D21: 10.3390/s22093187 | E21: KSSL | F21: National | G21: USA | H21: North America | I21: 14574 | J21: Alfisols, Andisols, Aridisols, Entisols, Gelisols, Histosols, Inceptisols, Mollisols, Spodosols, Ultisols, Vertisols | K21: Agricultural | L21: Multiple horizons (full pedon/profile data) | M21: 14574 samples extracted from NRCS-KSSL database (samples collected 2011-2015), fully described pedons across continental USA | N21: vis-NIR | O21: 350-2500 (ASD LabSpec 2500) | P21: ASD LabSpec 2500 vis-NIR spectrometer | Q21: Not specified in available sources | R21: Air-dried, ground, sieved (standardized NRCS methods) | S21: Laboratory | T21: Soil carbon, texture, and other pedological/analytical properties | U21: Standardized NRCS reference methods (with NRCS procedure codes) | V21: Not specified in available sources | W21: Wavelength importance analysis (e.g. ~2300-2400 nm associated with C-H bond combination vibrations) | X21: Chemometric and machine learning methods (including PLSR and Cubist) | Y21: Model comparison across approaches | Z21: R2/RMSE (property-dependent); wavelength importance attributed to functional groups | AA21: High-quality standardized/well-documented NRCS sample collection, preparation and analysis | AB21: Pedon site, soil layer/horizon, USDA soil order/suborder, NRCS procedure codes | AC21: Restricted (NRCS-KSSL database) | AD21: Partial | AE21: NRCS standardized soil sampling and analytical protocol | AF21: Not specified in available sources | AG21: Continental-scale soil property prediction and interpretation of important wavelengths/functional groups | AH21: Large, high-quality national spectral archives are underutilized; interpreting which wavelengths drive predictions | AI21: Combine chemometric/ML methods with wavelength-importance interpretation to make better use of the extensive NRCS-KSSL spectral archive | AJ21: Using ~14,574 samples from the NRCS-KSSL database across the continental USA, the study compared chemometric and machine learning models for vis-NIR soil property prediction and attributed important wavelengths (e.g. 2300-2400 nm) to specific functional groups (C-H bonds), demonstrating how to interpret as well as predict from a large national spectral library. | AK21: Yes | AL21: Yes | AM21: Yes | AO21: =IF(AN21<>"","Exclude (duplicate)",IF(OR(AK21="Check",AL21="Check",AM21="Check"),"Check",IF(AND(AK21="Yes",AL21="Yes",AM21="Yes"),"Include","Exclude"))) -> Include | AQ21: Uses | AR21: US-KSSL-VNIR | AT21: =IF(AR21="","",IFERROR(INDEX(Libraries!$B:$B,MATCH(AR21,Libraries!$A:$A,0)),"ID not found")) -> USDA NSSC-KSSL vis-NIR library
A22: Brodský L.; Klement A.; Penížek V.; Kodešová R.; Boruvka L. | B22: Building soil spectral library of the czech soils for quantitative digital soil mapping | C22: 2011 | D22: 10.17221/24/2011-swr | E22: Soil spectral library of the Czech soils (SSL-CZ) | F22: National | G22: Czech Republic | H22: Europe | I22: 150 | J22: Chernozem, Cambisol, Arenosol, Phaeozem, Luvisol, Vertisol, Fluvisol, Gleysol | K22: Agricultural/Arable | L22: Topsoil (multiple sites across Czech soil types) | M22: 150 samples covering major Czech soil types (Chernozem, Cambisol, Arenosol, Phaeozem, Luvisol, Vertisol, Fluvisol, Gleysol) | N22: vis-NIR | O22: 350-2500 (typical ASD-type range used in this study) | P22: ASD FieldSpec-type spectroradiometer | Q22: Not specified in available sources | R22: Air-dried, ground, sieved | S22: Laboratory | T22: Soil organic carbon and other basic soil properties (pH, texture, hydrolytic acidity, salinity) | U22: Standard Czech reference methods (per Klute 1996 / Rhoades 1996 procedures) | V22: Not specified in available sources | W22: None specified | X22: PLSR | Y22: Cross-validation | Z22: R2/RMSE (property-dependent, not further specified in available sources) | AA22: Not specified in available sources | AB22: Soil type/classification, site location | AC22: Restricted (SSL-CZ, national library) | AD22: Partial | AE22: Not specified in available sources | AF22: Not specified in available sources | AG22: Quantitative digital soil mapping (DSM) for Czech soils | AH22: Building a sufficiently diverse spectral archive representing major national soil types | AI22: Expand SSL-CZ sample size/diversity to support broader digital soil mapping applications | AJ22: Established one of the first Czech national vis-NIR soil spectral libraries (SSL-CZ, 150 samples across 8 major soil types), providing a foundation for quantitative digital soil mapping in the Czech Republic, with subsequent work building on it for SOC mapping uncertainty analysis. | AK22: Yes | AL22: Yes | AM22: Yes | AO22: =IF(AN22<>"","Exclude (duplicate)",IF(OR(AK22="Check",AL22="Check",AM22="Check"),"Check",IF(AND(AK22="Yes",AL22="Yes",AM22="Yes"),"Include","Exclude"))) -> Include | AQ22: Introduces | AR22: CZ-SSL | AT22: =IF(AR22="","",IFERROR(INDEX(Libraries!$B:$B,MATCH(AR22,Libraries!$A:$A,0)),"ID not found")) -> Soil spectral library of the Czech soils (SSL-CZ)
A23: Bae J.; Seo I.; Hyun J.; Park Y.; Jeong M.; Kim J.; et al. | B23: A spatially rich, temporally coherent soil spectral dataset for soil organic carbon estimation | C23: 2026 | D23: 10.1038/s41597-026-06546-3 | E23: G-SSL | F23: Regional | G23: South Korea | H23: Asia | I23: 1500 | J23: Topsoil across 11 land cover types | K23: Forest, Agricultural (Paddy, Upland, Orchard, Greenhouse), Urban Park, Grassland, Riparian | L23: 0-15 cm (topsoil) | M23: 1500 topsoil samples systematically collected across Gyeonggi Province, South Korea (2024), spanning 11 land cover types (forests, paddy/upland fields, orchards, greenhouses, urban parks, artificial grasslands, riparian zones, bare lands) | N23: NIR | O23: 1400-2500 | P23: NIR spectrometer (specific model not detailed in available sources) | Q23: Not specified in available sources | R23: Air-dried, ground, sieved (standard topsoil prep) | S23: Laboratory | T23: Soil organic carbon (SOC) | U23: Standard SOC reference method (dry combustion, on 712 calibration samples) | V23: Not specified in available sources | W23: None specified | X23: PLSR | Y23: 70:30 train-test split | Z23: R2=0.95, RMSE=0.39%, RPD=4.54 | AA23: Systematic spatially- and temporally-coherent sampling design across land cover types | AB23: Land cover type, sampling date/location (Gyeonggi Province) | AC23: Open (published dataset, Scientific Data journal) | AD23: High - openly published, designed as a methodological benchmark for other regions | AE23: Systematic province-wide sampling protocol across 11 land cover types | AF23: Not specified in available sources | AG23: Digital SOC mapping and climate-mitigation/land-management support for a heterogeneous provincial landscape | AH23: NIR predictive performance depends on calibration datasets with adequate spatiotemporal coverage | AI23: Use the G-SSL as a methodological benchmark for developing region-specific spectral libraries in other heterogeneous landscapes | AJ23: The newly published Gyeonggi Soil Spectral Library (G-SSL, 1,500 NIR topsoil samples across 11 land cover types in South Korea) achieved excellent SOC prediction accuracy (R2=0.95, RPD=4.54) using PLSR, establishing a spatially rich, temporally coherent regional library intended as a benchmark for digital SOC mapping in other heterogeneous landscapes. | AK23: Yes | AL23: Yes | AM23: Yes | AO23: =IF(AN23<>"","Exclude (duplicate)",IF(OR(AK23="Check",AL23="Check",AM23="Check"),"Check",IF(AND(AK23="Yes",AL23="Yes",AM23="Yes"),"Include","Exclude"))) -> Include | AQ23: Introduces | AR23: KR-GSSL | AT23: =IF(AR23="","",IFERROR(INDEX(Libraries!$B:$B,MATCH(AR23,Libraries!$A:$A,0)),"ID not found")) -> Gyeonggi Soil Spectral Library (G-SSL)
A24: Silva E.B.; Giasson É.; Dotto A.C.; Caten A.T.; Demattê J.A.M.; Bacic I.L.Z.; da Veiga M. | B24: A regional legacy soil dataset for prediction of sand and clay content with VIS-NIR-SWIR, in southern Brazil | C24: 2019 | D24: 10.1590/18069657rbcs20180174 | E24: BSSL | F24: Regional | G24: Southern Brazil | H24: South America | I24: 1534 | J24: Inceptisols, Entisols, Ultisols, Oxisols, Aquents | K24: Agricultural | L24: Topsoil | M24: Soil samples collected across Piauí State, Northeastern Brazil, for regional SSL construction | N24: vis-NIR-SWIR | O24: 1000-2500 (best results); full range also tested | P24: vis-NIR-SWIR spectroradiometer | Q24: Not specified in available sources | R24: Air-dried, ground, sieved | S24: Laboratory | T24: Soil organic carbon (SOC), pH, and other soil chemical/physical properties | U24: Standard Brazilian soil analysis reference methods | V24: Standard Normal Variate (SNV) among most promising; best overall results were without preprocessing for SOC and pH | W24: Testing full spectrum vs 1000-2500 nm subset | X24: Cubist (most accurate machine learning model tested) | Y24: Cross-validation | Z24: Cubist most accurate; SOC and pH predictions best without preprocessing; 1000-2500 nm subset promising despite sensor limitations | AA24: Not specified in available sources | AB24: Location within Piauí State | AC24: Restricted (regional Piauí SSL; related to BSSL national effort) | AD24: Partial | AE24: Not specified in available sources | AF24: Not specified in available sources | AG24: Rapid, cost-efficient, environmentally friendly soil chemical/physical analysis for Northeastern Brazil using machine learning | AH24: Traditional soil analyses are time-consuming and not cost- or environmentally-efficient; sensor range limitations | AI24: Use Cubist modelling with minimal preprocessing; explore the 1000-2500 nm range further despite sensor limitations | AJ24: Building a soil spectral library for Piauí State (Northeastern Brazil), Cubist was the most accurate machine learning model for predicting soil properties, with SOC and pH best predicted without spectral preprocessing, and the 1000-2500 nm subset showing promise despite sensor range limitations. | AK24: Yes | AL24: Yes | AM24: Yes | AO24: =IF(AN24<>"","Exclude (duplicate)",IF(OR(AK24="Check",AL24="Check",AM24="Check"),"Check",IF(AND(AK24="Yes",AL24="Yes",AM24="Yes"),"Include","Exclude"))) -> Include | AP24: Key Findings cell describes the Piauí library, not this paper – fix | AQ24: Introduces | AR24: BR-RS | AT24: =IF(AR24="","",IFERROR(INDEX(Libraries!$B:$B,MATCH(AR24,Libraries!$A:$A,0)),"ID not found")) -> Southern Brazil regional legacy soil spectral dataset
A25: Shi Z.; Wang Q.L.; Peng J.; Ji W.J.; Liu H.J.; Li X.; Viscarra Rossel R.A. | B25: Development of a national VNIR soil-spectral library for soil classification and prediction of organic matter concentrations | C25: 2014 | D25: 10.1007/s11430-013-4808-x | E25: Chinese national VNIR soil-spectral library | F25: Continental | G25: China | H25: Asia | I25: 1581 | J25: Meadow, Paddy, Black soils, Chernozems, Red earth, Laterite, skeletal soils | K25: Agricultural, Meadow and Forest | L25: Topsoil | M25: 1581 samples across 14 provinces representing 16 soil groups of the Genetic Soil Classification of China | N25: vis-NIR | O25: 350-2500 | P25: Portable vis-NIR spectrometer | Q25: Not specified in available sources | R25: Air-dried, sieved | S25: Laboratory | T25: Soil organic matter (OM), soil classification/type | U25: Standard Chinese soil reference methods | V25: Savitzky-Golay smoothing with first derivative | W25: PCA (principal components analysis) | X25: Fuzzy k-means classification; PLSR for OM prediction | Y25: Cross-validation | Z25: R2, classification accuracy/kappa | AA25: Not specified in available sources | AB25: Province, Genetic Soil Classification group | AC25: Restricted (Chinese Soil Spectral Library, CSSL) | AD25: Partial | AE25: Not specified in available sources | AF25: Compilation across 14 provinces into single national library | AG25: National soil classification and organic matter concentration mapping | AH25: High diversity of soil types across a large territory complicating generic calibration | AI25: Stratified/spatially-constrained local modelling approaches (used in later CSSL papers) | AJ25: Established the first Chinese national vis-NIR soil spectral library (1,581 samples, 16 soil groups across 14 provinces), demonstrating feasibility of spectral soil classification and organic matter prediction at national scale. | AK25: Yes | AL25: Yes | AM25: Yes | AO25: =IF(AN25<>"","Exclude (duplicate)",IF(OR(AK25="Check",AL25="Check",AM25="Check"),"Check",IF(AND(AK25="Yes",AL25="Yes",AM25="Yes"),"Include","Exclude"))) -> Include | AQ25: Introduces | AR25: CN-CSSL | AT25: =IF(AR25="","",IFERROR(INDEX(Libraries!$B:$B,MATCH(AR25,Libraries!$A:$A,0)),"ID not found")) -> Chinese Soil Spectral Library (CSSL)
A26: Metzger K.; Zhang C.; Daly K. | B26: From benchtop to handheld MIR for soil analysis: Predicting lime requirement and organic matter in agricultural soils | C26: 2021 | D26: 10.1016/j.biosystemseng.2021.01.025 | E26: Republic of Ireland benchtop MIR library | F26: National | G26: Ireland | H26: Europe | I26: 160 | J26: Luvisols, Brown Earths, USDA textures: sandy loam, loam, clay loam | K26: Agricultural/Arable | L26: Topsoil (agricultural) | M26: 160 samples used to compare benchtop and handheld MIR instruments, including field-moist samples | N26: MIR (DRIFTS) | O26: MIR range; wavenumbers below 1300 cm-1 found less affected by water absorption | P26: Bench-top FTIR (DRIFTS) vs handheld/portable MIR spectrometer | Q26: Not specified in available sources | R26: Comparison of dried/ground samples (benchtop) vs field-moist samples (handheld) | S26: Laboratory (benchtop) and field-moist (handheld) conditions compared | T26: Lime requirement (LR), organic matter (OM) | U26: Standard lime requirement/base neutralizing capacity and organic matter reference methods | V26: Moisture correction; focus on wavenumbers below 1300 cm-1 less impacted by water absorption | W26: Selection of water-insensitive spectral regions (below 1300 cm-1) | X26: PLSR and machine learning models comparing benchtop vs handheld spectra | Y26: Cross-validation; benchtop vs handheld comparison | Z26: R2/RMSE (property-dependent); handheld predictions degraded by soil moisture but improved using water-insensitive wavenumber regions | AA26: Moisture-effect correction; compatibility check with existing spectral libraries/calibrations | AB26: Instrument type, moisture status of sample | AC26: Restricted (Irish research dataset) | AD26: Partial | AE26: Not specified in available sources | AF26: Identifying wavenumber regions compatible across benchtop and handheld MIR instruments to enable calibration transfer | AG26: Field-deployable MIR-based lime requirement and organic matter prediction using handheld instruments | AH26: Soil water content in field-moist samples obscures spectral signal, reducing handheld MIR prediction accuracy; compatibility with existing benchtop-derived calibrations | AI26: Focus predictive models on water-insensitive MIR wavenumber regions (<1300 cm-1) to improve handheld/field-moist sample performance | AJ26: Comparing benchtop and handheld MIR spectrometers for predicting lime requirement and organic matter in Irish agricultural soils, the study found that soil moisture degraded handheld/field predictions, but that focusing on wavenumbers below 1300 cm-1 (less water-sensitive) improved compatibility between handheld field measurements and benchtop-based calibrations. | AK26: Yes | AL26: Yes | AM26: No | AO26: =IF(AN26<>"","Exclude (duplicate)",IF(OR(AK26="Check",AL26="Check",AM26="Check"),"Check",IF(AND(AK26="Yes",AL26="Yes",AM26="Yes"),"Include","Exclude"))) -> Exclude | AP26: Benchtop vs handheld calibration (160 samples), not presented as a library | AQ26: — | AT26: =IF(AR26="","",IFERROR(INDEX(Libraries!$B:$B,MATCH(AR26,Libraries!$A:$A,0)),"ID not found"))
A27: Ng W.; Husnain; Anggria L.; Siregar A.F.; Hartatik W.; Sulaeman Y.; Jones E.; Minasny B. | B27: Developing a soil spectral library using a low-cost NIR spectrometer for precision fertilization in Indonesia | C27: 2020 | D27: 10.1016/j.geodrs.2020.e00319 | E27: Indonesian Soil Spectral Library | F27: National | G27: Indonesia | H27: Asia | I27: 1601 | J27: Volcanic soils | K27: Agricultural | L27: Topsoil (agricultural) | M27: 1601 samples from Indonesian volcanic-influenced agricultural soils, linked to field fertilizer trials | N27: NIR | O27: 1300-2600 | P27: NeoSpectra miniature/low-cost NIR spectrometer | Q27: Not specified in available sources | R27: Air-dried, ground, sieved | S27: Laboratory | T27: Soil texture, pH, carbon, soil nutrients (N, P, K) | U27: Standard Indonesian soil fertility reference methods | V27: Not specified in available sources | W27: None specified | X27: PLSR regression models plus categorical models for nutrient-level classification; Mitscherlich-Bray (MB) equations for fertilizer recommendation | Y27: Cross-validation | Z27: Mixed accuracy; e.g. pH R2 approx 0.52-0.60 depending on study/spectrometer | AA27: Not specified in available sources | AB27: Crop type, location, fertilizer trial data | AC27: Restricted (Indonesian agricultural ministry-linked dataset) | AD27: Partial | AE27: Not specified in available sources | AF27: Not specified in available sources | AG27: Precision fertilization recommendations for food crops using low-cost NIR spectroscopy | AH27: Miniature/low-cost NIR spectrometers show mixed, sometimes lower accuracy (e.g. for pH) compared to lab-grade spectrometers | AI27: Apply correction factors and further testing of low-cost SWIR/NIR spectrometer configurations to improve fertilizer recommendation accuracy | AJ27: A soil spectral library built with a low-cost NeoSpectra NIR spectrometer (1300-2600 nm) enabled fertilizer nutrient-level classification and Mitscherlich-Bray-based fertilizer recommendations for Indonesian food crops, though prediction accuracy for some properties (e.g. pH) was more modest than with laboratory-grade instruments. | AK27: Yes | AL27: Yes | AM27: Yes | AO27: =IF(AN27<>"","Exclude (duplicate)",IF(OR(AK27="Check",AL27="Check",AM27="Check"),"Check",IF(AND(AK27="Yes",AL27="Yes",AM27="Yes"),"Include","Exclude"))) -> Include | AQ27: Introduces | AR27: ID-ISSL | AT27: =IF(AR27="","",IFERROR(INDEX(Libraries!$B:$B,MATCH(AR27,Libraries!$A:$A,0)),"ID not found")) -> Indonesian Soil Spectral Library
A28: Novais J.J.M.; Rosin N.A.; Rosas J.T.F.; Poppiel R.R.; Dotto A.C.; Paiva A.F.S.; Bellinaso H.; Albarracín H.S.R.; Amorim M.T.A.; dos Bartsch B.A.; Vogel L.G.; Mello D.C.; Francelino M.R.; Alves M.R.; Falcioni R.; Demattê J.A.M. | B28: The Brazilian Soil Spectral Library data opening | C28: 2024 | D28: 10.19047/0136-1694-2024-119-261-305 | E28: BSSL | F28: National | G28: Brazil | H28: South America | I28: 16084 | J28: Tropical Soils | K28: Agriculture/Pasture and Forest | AK28: Yes | AL28: Yes | AM28: Yes | AO28: =IF(AN28<>"","Exclude (duplicate)",IF(OR(AK28="Check",AL28="Check",AM28="Check"),"Check",IF(AND(AK28="Yes",AL28="Yes",AM28="Yes"),"Include","Exclude"))) -> Include | AQ28: Extends / updates | AR28: BR-BSSL | AT28: =IF(AR28="","",IFERROR(INDEX(Libraries!$B:$B,MATCH(AR28,Libraries!$A:$A,0)),"ID not found")) -> Brazilian Soil Spectral Library (BSSL, vis-NIR-SWIR)
A29: Rizzo R.; Demattê J.A.M.; Lepsch I.F.; Gallo B.C.; Fongaro C.T. | B29: Digital soil mapping at local scale using a multi-depth Vis-NIR spectral library and terrain attributes | C29: 2016 | D29: 10.1016/j.geoderma.2016.03.019 | E29: Multi-depth Vis-NIR spectral library (SRSSL) | F29: Local | G29: Brazil | H29: South America | I29: 162 | J29: Cambissolos, Latossolos, Nitossolos, Argissolos, Neossolos | K29: Agricultural | L29: Multi-depth (topsoil and subsoil profiles) | M29: 162 sample locations on a 270-ha farm in Piracicaba, São Paulo, Brazil; combined with regional spectral library and terrain attributes | N29: vis-NIR | O29: 350-2500 | P29: ASD FieldSpec-type spectroradiometer | Q29: Not specified in available sources | R29: Air-dried, ground, sieved | S29: Laboratory | T29: Soil type/class (for digital soil mapping) | U29: Standard reference methods supporting soil classification | V29: Not specified in available sources | W29: Terrain attributes combined with spectral data as covariates | X29: Digital soil mapping combining local Vis-NIR spectra, a regional spectral library, and terrain attributes | Y29: Cross-validation; accuracy assessment by landscape position/soil class | Z29: Lower classification accuracy for soils in lower landscape positions and for Cambisols | AA29: Not specified in available sources | AB29: Terrain attributes, landscape position, farm location | AC29: Restricted (regional Brazilian SSL - SRSSL) | AD29: Partial | AE29: Not specified in available sources | AF29: Combines local samples with a regional spectral library to extend training data for local DSM | AG29: Local-scale digital soil mapping (DSM) for farm-level soil classification | AH29: Reduced accuracy for soils at lower landscape positions and certain soil classes (Cambisols) | AI29: Combine spectral libraries with terrain attributes to improve local DSM, particularly further addressing lower-landscape-position soils | AJ29: Combining local Vis-NIR spectra, a regional Brazilian spectral library, and terrain attributes produced an effective farm-scale (270 ha) digital soil map in Piracicaba, Brazil, though accuracy was lower for soils in lower landscape positions and for Cambisols. | AK29: Yes | AL29: Yes | AM29: Yes | AO29: =IF(AN29<>"","Exclude (duplicate)",IF(OR(AK29="Check",AL29="Check",AM29="Check"),"Check",IF(AND(AK29="Yes",AL29="Yes",AM29="Yes"),"Include","Exclude"))) -> Include | AP29: Regional Brazilian library assumed to be BSSL – check | AQ29: Uses | AR29: BR-BSSL | AT29: =IF(AR29="","",IFERROR(INDEX(Libraries!$B:$B,MATCH(AR29,Libraries!$A:$A,0)),"ID not found")) -> Brazilian Soil Spectral Library (BSSL, vis-NIR-SWIR)
A30: Tziolas N.; Tsakiridis N.; Ogen Y.; Kalopesa E.; Ben-Dor E.; Theocharis J.; Zalidis G. | B30: An integrated methodology using open soil spectral libraries and Earth Observation data for soil organic carbon estimations in support of soil-related SDGs | C30: 2020 | D30: 10.1016/j.rse.2020.111793 | E30: GEO-CRADLE | F30: Cross regional | G30: Greece, Israel, Albania, Bulgaria, Serbia, Turkey, Cyprus, Egypt | H30: Europe-Asia-Africa | I30: 1627 | J30: Cambisols, Fluvisols, Gleysols, Histosols, Luvisols, Phaeozems, Vertisols, Arenosols, Chernozems, Leptosols, Planosols, Umbrisols, Calcisols, Regosols, Gypsisols, Kastanozems, Solonchaks, Solonetz | K30: Agricultural | L30: Topsoil | M30: GEO-CRADLE regional SSL combined with in-situ and Earth Observation (EO) data | N30: VNIR-SWIR | O30: 400-2500 | P30: ASD FieldSpec-type spectroradiometer (laboratory); satellite/airborne EO sensors | Q30: Not specified in available sources | R30: Air-dried, sieved, ground | S30: Laboratory (SSL) and satellite/EO imagery | T30: Soil organic carbon (SOC) | U30: Standard SOC reference methods | V30: Not specified in available sources | W30: None specified | X30: Memory-based learning (MBL) algorithms integrated with EO data | Y30: Cross-validation | Z30: R2/RMSE for SOC estimation (property-dependent) | AA30: Not specified in available sources | AB30: Location, EO imagery metadata | AC30: Open soil spectral libraries + EO data (open resources emphasized) | AD30: Designed for open, cost-efficient application across countries of differing capacity | AE30: Not specified in available sources | AF30: Bridges regional in-situ SSL with contemporary/forthcoming satellite EO systems via MBL | AG30: Large-scale, cost-efficient SOC mapping in support of Sustainable Development Goal (SDG) soil monitoring | AH30: Countries with limited capacity/resources for dense in-situ soil monitoring | AI30: Wider integration of open SSLs with contemporary and forthcoming satellite EO missions for global SDG soil monitoring | AJ30: Combining the open GEO-CRADLE soil spectral library with Earth Observation data via memory-based learning enabled cost-efficient, large-scale SOC mapping applicable across countries with differing levels of development, supporting soil-related SDG monitoring. | AK30: Yes | AL30: Yes | AM30: Yes | AO30: =IF(AN30<>"","Exclude (duplicate)",IF(OR(AK30="Check",AL30="Check",AM30="Check"),"Check",IF(AND(AK30="Yes",AL30="Yes",AM30="Yes"),"Include","Exclude"))) -> Include | AQ30: Uses | AR30: MED-GEOCRADLE | AT30: =IF(AR30="","",IFERROR(INDEX(Libraries!$B:$B,MATCH(AR30,Libraries!$A:$A,0)),"ID not found")) -> GEO-CRADLE soil spectral library
A31: Tziolas N.; Tsakiridis N.; Ben-Dor E.; Theocharis J.; Zalidis G. | B31: A memory-based learning approach utilizing combined spectral sources and geographical proximity for improved VIS-NIR-SWIR soil properties estimation | C31: 2019 | D31: 10.1016/j.geoderma.2018.12.044 | E31: GEO-CRADLE | F31: Cross regional | G31: Greece, Israel, Albania, Bulgaria, Serbia, Turkey, Cyprus, Egypt | H31: Europe-Africa-Asia | I31: 1760 | J31: Cambisols, Fluvisols, Gleysols, Histosols, Luvisols, Phaeozems, Vertisols, Arenosols, Chernozems, Leptosols, Planosols, Umbrisols, Calcisols, Regosols, Gypsisols, Kastanozems, Solonchaks, Solonetz | K31: Agricultural/Cropland | L31: Topsoil | M31: Compiled multi-country regional library across Balkan/Middle East/North Africa | N31: VIS-NIR-SWIR | O31: 350-2500 | P31: ASD FieldSpec-type spectroradiometer (laboratory) | Q31: Not specified in detail | R31: Air-dried, sieved, ground | S31: Laboratory | T31: SOC, texture, pH, calcium carbonates (CaCO3) | U31: Standard wet-chemistry reference methods | V31: Not detailed | W31: Geographical proximity weighting combined with spectral similarity | X31: Memory-based learning (MBL) combining spectral sources and geographic proximity | Y31: Cross-validation | Z31: R2, RMSE (property-dependent) | AA31: Not detailed | AB31: Geographic coordinates, soil type | AC31: Restricted/regional (GEO-CRADLE network) | AD31: Partial | AE31: Not detailed | AF31: Combination of multiple national/regional spectral sources via MBL with geographic weighting | AG31: Cross-regional soil property estimation (SOC, texture, pH, CaCO3) | AH31: Combining heterogeneous spectral sources across countries with different soil types | AI31: Extend memory-based learning approach to more regions and properties | AJ31: A memory-based learning approach that incorporates geographical proximity alongside spectral similarity improved VIS-NIR-SWIR soil property estimation accuracy across a diverse, multi-country Balkan/MENA soil dataset (GEO-CRADLE). | AK31: Yes | AL31: Yes | AM31: Yes | AO31: =IF(AN31<>"","Exclude (duplicate)",IF(OR(AK31="Check",AL31="Check",AM31="Check"),"Check",IF(AND(AK31="Yes",AL31="Yes",AM31="Yes"),"Include","Exclude"))) -> Include | AQ31: Introduces | AR31: MED-GEOCRADLE | AT31: =IF(AR31="","",IFERROR(INDEX(Libraries!$B:$B,MATCH(AR31,Libraries!$A:$A,0)),"ID not found")) -> GEO-CRADLE soil spectral library
A32: Summerauer L.; Baumann P.; Ramirez-Lopez L.; Barthel M.; Bauters M.; Bukombe B.; Reichenbach M.; Boeckx P.; Kearsley E.; Van Oost K.; Vanlauwe B.; Chiragaga D.; Heri-Kazi A.B.; Moonen P.; Sila A.; Shepherd K.; Bazirake Mujinya B.; Van Ranst E.; Baert G.; Doetterl S.; Six J. | B32: The central African soil spectral library: A new soil infrared repository and a geographical prediction analysis | C32: 2021 | D32: 10.5194/soil-7-693-2021 | E32: AfSIS | F32: Regional | G32: DRC, Rwanda, Uganda | H32: Africa | I32: 1800 | J32: Ferralsols, Acrisols, Phaeozems, Nitisols, Luvisols, Cambisols, Gleysols, Andosols | K32: Tropical forest and Agricultural/Cropland | L32: Variable (e.g. 5-10 cm and deeper; compiled from multiple studies) | M32: Over 1800 samples from 10 distinct geoclimatic regions across the Congo Basin and Albertine Rift (DRC, Rwanda, Uganda); nearest-neighbor validation for new regions | N32: MIR | O32: MIR range, resampled to 16 cm-1 resolution | P32: Bruker MIR (FTIR) spectrometer (Germany) | Q32: Resampled to 16 cm-1 | R32: Air-dried, ground, sieved; replicate spectra aggregated to one average per sample | S32: Laboratory | T32: Total carbon (TC), total nitrogen (TN) | U32: Dry combustion / standard wet chemistry reference methods | V32: Replicate averaging, resampling to 16 cm-1, trimming; PCA for dimension reduction | W32: PCA-based dimension reduction | X32: PLS regression; combined with continental AfSIS SSL | Y32: Nearest-neighbor validation for predictions in new geographical regions | Z32: RMSEpred improved when CSSL added to AfSIS SSL vs AfSIS alone (region-dependent) | AA32: Replicate spectral measurements aggregated per sample | AB32: GPS coordinates, elevation, annual precipitation, mean annual temperature, Koppen-Geiger climate, soil type | AC32: Open (GitHub repository; openly available for reuse and enlargement) | AD32: High - openly available with rich geoclimatic metadata, designed for community expansion | AE32: Consistent MIR resampling/preprocessing pipeline | AF32: Combining the new CSSL with the continental AfSIS SSL to enrich the spectral feature space | AG32: Cost-effective prediction of TC and TN in an understudied central African region; reducing wet-chemistry needs | AH32: Scarcity of spatially explicit soil data for central Africa; geographical extrapolation to new regions | AI32: Enlarge the open CSSL with more spectral/reference data; combine regional and continental libraries to improve diagnostic accuracy | AJ32: The open central African soil spectral library (>1,800 MIR samples across 10 geoclimatic regions of the Congo Basin/Albertine Rift) added valuable soil diversity that improved TC and TN predictions for the region beyond the continental AfSIS library alone, providing a cost-effective tool for an understudied part of Africa. | AK32: Yes | AL32: Yes | AM32: Yes | AO32: =IF(AN32<>"","Exclude (duplicate)",IF(OR(AK32="Check",AL32="Check",AM32="Check"),"Check",IF(AND(AK32="Yes",AL32="Yes",AM32="Yes"),"Include","Exclude"))) -> Include | AQ32: Introduces | AR32: AF-CENTRAL | AT32: =IF(AR32="","",IFERROR(INDEX(Libraries!$B:$B,MATCH(AR32,Libraries!$A:$A,0)),"ID not found")) -> Central African Soil Spectral Library
A33: Cambou A.; Houssoukpèvi I.A.; Chevallier T.; Moulin P.; Rakotondrazafy N.M.; Fonkeng E.E.; Harmand J.-M.; Aholoukpè H.N.S.; Amadji G.L.; Tabi F.O.; Chapuis-Lardy L.; Barthès B.G. | B33: Quantification of soil organic carbon in particle size fractions using a near-infrared spectral library in West Africa | C33: 2024 | D33: 10.1016/j.geoderma.2024.116818 | E33: Near-infrared spectral library in West Africa | F33: Regional | G33: Benin, Burkina Faso, Congo, Togo, Cameroon | H33: Africa | I33: 181 | J33: Ferralic Arenosols, Haplic Lixisols, Pisoplinthic Plinthosols, Orthic Ferralsols, Nitisols | K33: Agricultural/Cropland, Plantation, Savannah and Forest | AK33: Yes | AL33: Yes | AM33: Yes | AO33: =IF(AN33<>"","Exclude (duplicate)",IF(OR(AK33="Check",AL33="Check",AM33="Check"),"Check",IF(AND(AK33="Yes",AL33="Yes",AM33="Yes"),"Include","Exclude"))) -> Include | AQ33: Introduces | AR33: AF-WEST | AT33: =IF(AR33="","",IFERROR(INDEX(Libraries!$B:$B,MATCH(AR33,Libraries!$A:$A,0)),"ID not found")) -> West African NIR spectral library
A34: Ng W.; Minasny B.; Jones E.; McBratney A. | B34: To spike or to localize? Strategies to improve the prediction of local soil properties using regional spectral library | C34: 2022 | D34: 10.1016/j.geoderma.2021.115501 | E34: New South Wales, Australia RSSL | F34: Regional | G34: New South Wales, Australia | H34: Oceania | I34: 1867 | J34: Regional Australian Soils | K34: Diverse/Agricultural | AK34: Yes | AL34: Yes | AM34: Yes | AO34: =IF(AN34<>"","Exclude (duplicate)",IF(OR(AK34="Check",AL34="Check",AM34="Check"),"Check",IF(AND(AK34="Yes",AL34="Yes",AM34="Yes"),"Include","Exclude"))) -> Include | AQ34: Uses | AR34: AU-NSW | AT34: =IF(AR34="","",IFERROR(INDEX(Libraries!$B:$B,MATCH(AR34,Libraries!$A:$A,0)),"ID not found")) -> New South Wales regional SSL
A35: Rossel R.A.V.; Jeon Y.S.; Odeh I.O.A.; McBratney A.B. | B35: Using a legacy soil sample to develop a mid-IR spectral library | C35: 2008 | D35: 10.1071/SR07099 | E35: Soil mid-IR diffuse reflectance spectral library for cotton-growing regions of eastern Australia | F35: Regional | G35: Eastern regions, Australia | H35: Oceania | I35: 1878 | J35: Vertosols, Kandosols, Dermosols, Sodosols, Tenosols, Rudosols, Chromosols | K35: Agricultural/Plantation | L35: Multiple soil layers (grouped by region and soil layer) | M35: 1878 legacy samples from the Australian Cotton CRC soil database; 213 representative samples selected in multivariate space for the library | N35: MIR (mid-infrared) | O35: Standard MIR range (~2500-25000 nm / 4000-400 cm-1) | P35: Mid-IR (FTIR) diffuse reflectance spectrometer | Q35: Not specified in available sources | R35: Air-dried, ground, sieved (legacy archived samples) | S35: Laboratory | T35: Multiple soil properties (predicted with uncertainty by region and layer) | U35: Australian Laboratory Handbook of Soil and Water Chemical Methods (Rayment & Higginson 1992) | V35: Savitzky-Golay smoothing/derivatives | W35: Selection of 213 representative samples across multivariate space | X35: PLSR (and bagging-PLSR) with 95% confidence interval uncertainty estimation | Y35: Predictions grouped/validated by region and soil layer | Z35: R2/RMSE with 95% confidence intervals (property-dependent) | AA35: Emphasis on 'quality in = quality out': careful sampling, handling, prep, storage, scanning, and reference procedures | AB35: Region, soil layer, soil type (Chromosols etc.) | AC35: Restricted (Australian Cotton CRC legacy database) | AD35: Partial | AE35: Not specified in available sources | AF35: Repurposing a legacy archived soil sample collection into a spectral library | AG35: MIR spectral prediction of soil properties for cotton-growing regions of eastern Australia | AH35: Ensuring legacy samples adequately describe regional soil variability; quality of sampling/handling/reference data | AI35: Use existing legacy soil archives to cost-effectively build MIR spectral libraries, with careful attention to data quality and representative sample selection | AJ35: This influential early study built a MIR diffuse-reflectance spectral library from legacy archived soil samples of eastern Australian cotton regions (213 representative samples from 1,878), demonstrating that existing soil archives can be cost-effectively repurposed into predictive spectral libraries provided sampling, handling, and reference-data quality are carefully controlled. | AK35: Yes | AL35: Yes | AM35: Yes | AO35: =IF(AN35<>"","Exclude (duplicate)",IF(OR(AK35="Check",AL35="Check",AM35="Check"),"Check",IF(AND(AK35="Yes",AL35="Yes",AM35="Yes"),"Include","Exclude"))) -> Include | AQ35: Introduces | AR35: AU-COTTON | AT35: =IF(AR35="","",IFERROR(INDEX(Libraries!$B:$B,MATCH(AR35,Libraries!$A:$A,0)),"ID not found")) -> Eastern Australia cotton-region MIR library
A36: Ward K.J.; Chabrillat S.; Brell M.; Castaldi F.; Spengler D.; Foerster S. | B36: Mapping soil organic carbon for airborne and simulated enmap imagery using the lucas soil database and a local plsr | C36: 2020 | D36: 10.3390/rs12203451 | E36: - | F36: Local | G36: Germany | H36: Europe | I36: 190 | J36: Loamy sands, Sandy loams, Peat soils | K36: Agricultural | AK36: Yes | AL36: Yes | AM36: Yes | AO36: =IF(AN36<>"","Exclude (duplicate)",IF(OR(AK36="Check",AL36="Check",AM36="Check"),"Check",IF(AND(AK36="Yes",AL36="Yes",AM36="Yes"),"Include","Exclude"))) -> Include | AQ36: Uses | AR36: EU-LUCAS-VNIR | AT36: =IF(AR36="","",IFERROR(INDEX(Libraries!$B:$B,MATCH(AR36,Libraries!$A:$A,0)),"ID not found")) -> LUCAS topsoil vis-NIR library
A37: Francos N.; Heller-Pearlshtien D.; Dematte J.A.M.; Van Wesemael B.; Milewski R.; Chabrillat S.; Tziolas N.; Sanz Diaz A.; Yague Ballester M.J.; Gholizadeh A.; Ben-Dor E. | B37: A Spectral Transfer Function to Harmonize Existing Soil Spectral Libraries Generated by Different Protocols | C37: 2023 | D37: 10.1155/2023/4155390 | E37: LUCAS / BSSL (transfer function study) | F37: Continental | G37: NA | H37: Europe, South America | I37: 19036 (LUCAS) / 29363 (BSSL) | J37: Mineral soils (LUCAS), tropical soils (BSSL) | K37: Agricultural/Cropland and Tropical | L37: Topsoil (subset of LUCAS 2009-2012 and BSSL 2019) | M37: Rectification-group subsets of LUCAS and BSSL remeasured with and without the Internal Soil Standard (ISS) protocol | N37: vis-NIR-SWIR | O37: 350-2500 (resampled to 10 nm interval) | P37: ASD-type laboratory spectrometer | Q37: Resampled to 10 nm sampling interval | R37: Air-dried, sieved, ground; remeasured with Lucky Bay (LB) Internal Soil Standard | S37: Laboratory | T37: Soil organic carbon (OC) | U37: Standard OC reference methods (per LUCAS/BSSL protocols) | V37: Spectral similarity metrics (ASDS, SAM) between ISS and ISS-TF spectra | W37: None specified | X37: Random Forest (RF) spectral models; machine-learning-derived Transfer Function (TF) | Y37: Cross-validation; comparison of merged vs unmerged SSL predictions | Z37: OC prediction improved after TF-merging: R2=0.69, RMSE=11.13 g/kg | AA37: Internal Soil Standard (ISS) using Lucky Bay (LB) reference soil | AB37: Library of origin (LUCAS/BSSL), protocol used | AC37: Restricted (subsets of LUCAS and BSSL) | AD37: Partial | AE37: Internal Soil Standard (ISS) / Lucky Bay (LB) protocol; feeds into IEEE P4005 standard | AF37: Spectral Transfer Function (TF) derived from ISS-remeasured rectification subsets, enabling merging of libraries built under different protocols | AG37: Harmonizing/merging soil spectral libraries built under different measurement protocols for combined OC prediction | AH37: Different labs/protocols create systematic spectral offsets preventing direct merging of existing SSLs | AI37: Wider adoption of ISS protocol; use of transfer functions to rectify legacy libraries lacking ISS measurements | AJ37: A spectral transfer function derived from ISS-remeasured subsets of LUCAS and BSSL allowed the two libraries to be harmonized post-hoc, improving merged organic carbon prediction accuracy (R2=0.69) despite the libraries having been built under different original protocols. | AK37: Yes | AL37: Yes | AM37: Yes | AO37: =IF(AN37<>"","Exclude (duplicate)",IF(OR(AK37="Check",AL37="Check",AM37="Check"),"Check",IF(AND(AK37="Yes",AL37="Yes",AM37="Yes"),"Include","Exclude"))) -> Include | AQ37: Methods for | AR37: EU-LUCAS-VNIR | AS37: BR-BSSL | AT37: =IF(AR37="","",IFERROR(INDEX(Libraries!$B:$B,MATCH(AR37,Libraries!$A:$A,0)),"ID not found")) -> LUCAS topsoil vis-NIR library
A38: Moura-Bueno J.M.; Dalmolin R.S.D.; Horst-Heinen T.Z.; ten Caten A.; Vasques G.M.; Dotto A.C.; Grunwald S. | B38: When does stratification of a subtropical soil spectral library improve predictions of soil organic carbon content? | C38: 2020 | D38: 10.1016/j.scitotenv.2020.139895 | E38: Subtropical soil spectral library (Southern Brazil) | F38: Regional | G38: Southern states, Brazil | H38: South America | I38: 1966 | J38: Ferralsols, Nitisols, Acrisols/Alisols, Cambisols, Regosols, Leptosols, Gleysols, Histosols, Planosols, Podzols, Vertisols, Arenosols, Chernozems | K38: Agricultural/Pastures and Forests | L38: Topsoil | M38: 1966 samples from a subtropical SSL (southern Brazil), stratified into sub-libraries by environmental, pedological, and spectral criteria | N38: vis-NIR | O38: 350-2500 | P38: ASD FieldSpec-type spectroradiometer | Q38: Not specified in available sources | R38: Air-dried, ground, sieved | S38: Laboratory | T38: Soil organic carbon (SOC); clay content | U38: Standard reference methods for SOC and clay | V38: Not specified in available sources | W38: Stratification by physiographic region, land-use/land-cover (LULC), soil texture, and spectral classes | X38: PLSR on global (unstratified) vs stratified sub-libraries | Y38: Cross-validation; comparison of stratified vs global model accuracy | Z38: Stratification by LULC and physiographic region gave the greatest accuracy increase over the global model (reduced SOC/clay/spectral variance) | AA38: Not specified in available sources | AB38: Physiographic region, LULC, soil texture, coordinates, soil group | AC38: Restricted (subtropical southern Brazil SSL) | AD38: Partial | AE38: Not specified in available sources | AF38: Stratification of a large heterogeneous library into homogeneous sub-libraries by environmental/pedological/spectral criteria | AG38: Improving SOC prediction accuracy from a subtropical spectral library via stratification | AH38: Larger sample size increases environmental variance, which can reduce model performance; stratification reduces calibration sample numbers | AI38: Stratify SSLs by LULC and physiographic region (reducing target-property and spectral variance) to improve SOC prediction, balancing against reduced sub-library sample size | AJ38: Stratifying a 1,966-sample subtropical southern Brazilian soil spectral library into homogeneous sub-libraries improved SOC prediction accuracy over a global (unstratified) model, with stratification by land-use/land-cover and physiographic region giving the greatest gains by reducing SOC, clay, and spectral variance. | AK38: Yes | AL38: Yes | AM38: Yes | AO38: =IF(AN38<>"","Exclude (duplicate)",IF(OR(AK38="Check",AL38="Check",AM38="Check"),"Check",IF(AND(AK38="Yes",AL38="Yes",AM38="Yes"),"Include","Exclude"))) -> Include | AQ38: Uses | AR38: BR-SUBTROP | AT38: =IF(AR38="","",IFERROR(INDEX(Libraries!$B:$B,MATCH(AR38,Libraries!$A:$A,0)),"ID not found")) -> Subtropical soil spectral library (southern Brazil)
A39: Nocita M.; Stevens A.; Toth G.; Panagos P.; van Wesemael B.; Montanarella L. | B39: Prediction of soil organic carbon content by diffuse reflectance spectroscopy using a local partial least square regression approach | C39: 2014 | D39: 10.1016/j.soilbio.2013.10.022 | E39: LUCAS | F39: Continental | G39: Multiple European Countries | H39: Europe | I39: 19969 | J39: Mineral (Cropland, Grassland, Woodland) and Organic soil materials | K39: Agricultural/Cropland, Grassland, and Forest | L39: Topsoil (0-20 cm) | M39: ~19969 topsoil samples from the LUCAS survey across the European continent, measured in a single laboratory | N39: vis-NIR | O39: 350-2500 (typical LUCAS vis-NIR range) | P39: Single laboratory vis-NIR diffuse reflectance spectrometer | Q39: Not specified in available sources | R39: Air-dried, ground, sieved | S39: Laboratory (single central lab) | T39: Soil organic carbon (SOC); 13 soil properties measured in LUCAS | U39: Standard LUCAS reference methods (single lab) | V39: Not specified in available sources | W39: Geographical coordinates and sand content used as covariates in modified local algorithm | X39: Modified local PLSR (local regression algorithm incorporating geographic coordinates and sand content) | Y39: Cross-validation; separate mineral vs organic soil modelling | Z39: RMSE: cropland 3.6 g C/kg, grassland 7.2 g C/kg, woodland 11.9 g C/kg, organic soils 51.1 g C/kg; best results using sand as covariate | AA39: Single-lab measurement reduces inter-lab variability | AB39: Geographic coordinates, land use, sand content | AC39: Restricted (LUCAS topsoil database) | AD39: Partial | AE39: Single-laboratory LUCAS measurement protocol | AF39: Splitting dataset into mineral vs organic soils; local regression with geographic/textural covariates | AG39: Continental-scale SOC prediction across European land uses | AH39: Large spatial variation of SOC; higher errors for woodland and organic soils | AI39: Incorporate sand content and geographic coordinates as covariates in local PLSR to improve continental SOC prediction | AJ39: Using the ~20,000-sample LUCAS topsoil spectral library, a modified local PLSR approach incorporating sand content and geographic coordinates predicted SOC well for cropland (RMSE 3.6 g C/kg) and grassland (7.2), but with larger errors for woodland (11.9) and organic soils (51.1), with sand content as a covariate giving the best results. | AK39: Yes | AL39: Yes | AM39: Yes | AO39: =IF(AN39<>"","Exclude (duplicate)",IF(OR(AK39="Check",AL39="Check",AM39="Check"),"Check",IF(AND(AK39="Yes",AL39="Yes",AM39="Yes"),"Include","Exclude"))) -> Include | AQ39: Uses | AR39: EU-LUCAS-VNIR | AT39: =IF(AR39="","",IFERROR(INDEX(Libraries!$B:$B,MATCH(AR39,Libraries!$A:$A,0)),"ID not found")) -> LUCAS topsoil vis-NIR library
A40: Moloney J.P.; Malone B.P.; Karunaratne S.; Stockmann U. | B40: Leveraging large soil spectral libraries for sensor-agnostic field condition predictions of several agronomically important soil properties | C40: 2023 | D40: 10.1016/j.geoderma.2023.116651 | E40: CSIRO national Australian Vis-NIR soil spectral library | F40: Local | G40: Australia | H40: Oceania | I40: 200 | J40: Yellow/Red Chromosols, Kurosols, Red/Yellow Dermosols, Kandosols, Yellow Sodosols | K40: Agricultural/Research | L40: Agricultural soils (multiple depths) | M40: Large existing laboratory-grade Vis-NIR spectral library leveraged for field-condition predictions with low-cost sensors (Australian/CSIRO context) | N40: vis-NIR | O40: 350-2500 (laboratory library); low-cost NIR sensors cover subsets | P40: Laboratory-grade Vis-NIR spectrometers (library) plus low-cost NIR spectrometers (field) | Q40: Varies by sensor (laboratory vs low-cost) | R40: Library: dried/ground; Field: field-condition (moist, unprocessed) scans | S40: Laboratory library applied to field-condition scans (sensor- and condition-agnostic) | T40: Several agronomically important properties (e.g. SOC, pH, texture) | U40: Standard reference methods | V40: Library filtering and spectral transformations to enable cross-sensor/condition use | W40: Memory-based learning localization of large filtered/transformed libraries | X40: Memory-based learning (MBL) / localized modelling on large transformed libraries | Y40: Field-condition prediction validation across sensors and conditions | Z40: Demonstrated large Vis-NIR libraries usable in a sensor- and condition-agnostic manner for field monitoring | AA40: Not specified in available sources | AB40: Sensor type, measurement condition | AC40: Restricted (large Australian/CSIRO library) | AD40: Partial | AE40: Not specified in available sources | AF40: Spectral filtering and transformation enabling a laboratory library to be used sensor- and condition-agnostically | AG40: Cost-effective field soil monitoring (SOC sequestration, soil health incentive programs) using low-cost NIR sensors with existing laboratory libraries | AH40: High cost of laboratory-grade Vis-NIR sensors limits field application; field-condition and cross-sensor spectral differences | AI40: Leverage large existing laboratory Vis-NIR libraries in a sensor- and condition-agnostic way (memory-based learning) so low-cost field spectrometers can be used for soil monitoring | AJ40: This study showed that large laboratory-grade Vis-NIR spectral libraries can be filtered, transformed, and localized via memory-based learning to make sensor- and condition-agnostic field predictions of several agronomically important soil properties, enabling low-cost NIR spectrometers to exploit existing libraries for cost-effective soil monitoring. | AK40: Yes | AL40: Yes | AM40: Yes | AO40: =IF(AN40<>"","Exclude (duplicate)",IF(OR(AK40="Check",AL40="Check",AM40="Check"),"Check",IF(AND(AK40="Yes",AL40="Yes",AM40="Yes"),"Include","Exclude"))) -> Include | AQ40: Uses | AR40: AU-VNIR | AT40: =IF(AR40="","",IFERROR(INDEX(Libraries!$B:$B,MATCH(AR40,Libraries!$A:$A,0)),"ID not found")) -> Australian soil vis-NIR spectroscopic database
A41: Jia S.; Hong C.; Li H.; Li Y.; Hu S. | B41: Strategies and methods for predicting soil organic matter at the field scale based on the provincial near infrared spectral database | C41: 2023 | D41: 10.17221/133/2022-SWR | E41: Soil spectral library of Zhejiang Province (ZSSL) | F41: Regional | G41: Zhejiang Province, China | H41: Asia | I41: 2069 | J41: Paddy soil, red loam, yellow loam, moisture soil, coastal saline soil | K41: Agricultural/Cropland | AK41: Yes | AL41: Yes | AM41: Yes | AO41: =IF(AN41<>"","Exclude (duplicate)",IF(OR(AK41="Check",AL41="Check",AM41="Check"),"Check",IF(AND(AK41="Yes",AL41="Yes",AM41="Yes"),"Include","Exclude"))) -> Include | AQ41: Uses | AR41: CN-ZJ | AT41: =IF(AR41="","",IFERROR(INDEX(Libraries!$B:$B,MATCH(AR41,Libraries!$A:$A,0)),"ID not found")) -> Zhejiang provincial SSL (ZSSL)
A42: Novais J.J.M.; Melo B.M.D.; Neves Junior A.F.; Lima R.H.C.; de Souza R.E.; Melo V.F.; do Amaral E.F.; Tziolas N.; Demattê J.A.M. | B42: Online analysis of Amazon's soils through reflectance spectroscopy and cloud computing can support policies and the sustainable development | C42: 2025 | D42: 10.1016/j.jenvman.2025.124155 | E42: Brazilian soil spectral Service (BraSpecS) | F42: National | G42: Brazil | H42: South America | I42: 211 | J42: Alisols, Cambisols, Podzols, Plinthosols, Gleysols, Ferralsols, Chernozems, Nitisols, Lixisols, Leptosols, Arenosols, Fluvisols, Solonetz, Luvisols | K42: Forest, Agricultural/Pasture, Anthropogenic | AK42: Yes | AL42: Yes | AM42: Yes | AO42: =IF(AN42<>"","Exclude (duplicate)",IF(OR(AK42="Check",AL42="Check",AM42="Check"),"Check",IF(AND(AK42="Yes",AL42="Yes",AM42="Yes"),"Include","Exclude"))) -> Include | AQ42: Uses | AR42: BR-BRASPECS | AT42: =IF(AR42="","",IFERROR(INDEX(Libraries!$B:$B,MATCH(AR42,Libraries!$A:$A,0)),"ID not found")) -> Brazilian Soil Spectral Service (BraSpecS)
A43: Fohrafellner J.; Lippl M.; Bajraktarevic A.; Baumgarten A.; Spiegel H.; Körner R.; Sandén T. | B43: Austrian NIR soil spectral library for soil health assessments | C43: 2026 | D43: 10.5194/essd-18-219-2026 | E43: - | F43: National | G43: Austria | H43: Europe | I43: 2129 | J43: Agricultural mineral soils | K43: Agricultural/Arable, Grassland, Forest, Urban | L43: Topsoil (legacy samples) | M43: Legacy soil samples covering all Austrian environmental zones, compiled within the ProbeField project | N43: NIR | O43: Standard NIR range (not further specified in available sources) | P43: NIR spectrophotometer | Q43: Not specified in available sources | R43: Air-dried, ground legacy soil samples | S43: Laboratory | T43: SOC, SOC:clay ratio, total carbon, labile carbon, CaCO3, total nitrogen (and other fertility properties) | U43: Standard reference lab methods (per legacy sample records) | V43: Not specified in available sources | W43: None specified | X43: Machine learning/chemometric calibration models (property-specific) | Y43: Cross-validation vs routine laboratory analysis | Z43: R2/RMSE - predictive accuracy insufficient for most properties, but several key properties (e.g. carbon-related) showed predictive potential | AA43: Not specified in available sources | AB43: Sample number, sampling year, zip code, environmental zone, land use | AC43: Open (Zenodo, versioned dataset, CC-BY 4.0) | AD43: High - openly accessible with detailed metadata legend, part of EJP SOIL open data initiative | AE43: ProbeField project protocol (EJP SOIL, EU Horizon 2020) | AF43: Field spectra closely matched to laboratory spectra to enable model transfer | AG43: National soil health assessment; foundation for field-based fertility property prediction (ProbeField) | AH43: Predictive accuracy insufficient for most properties compared to routine lab analysis at this stage | AI43: Use the open library as a foundation for further spectral analysis/modelling; extend to 2D/3D digital soil mapping with covariates | AJ43: The first openly accessible Austrian NIR soil spectral library (>2,100 legacy samples across all environmental zones) shows predictive potential for select carbon-related properties, though overall accuracy still lags routine lab analysis; it is offered as an open foundation (via Zenodo) for further model development and field-based soil health assessment. | AK43: Yes | AL43: Yes | AM43: Yes | AO43: =IF(AN43<>"","Exclude (duplicate)",IF(OR(AK43="Check",AL43="Check",AM43="Check"),"Check",IF(AND(AK43="Yes",AL43="Yes",AM43="Yes"),"Include","Exclude"))) -> Include | AQ43: Introduces | AR43: AT-NIR | AT43: =IF(AR43="","",IFERROR(INDEX(Libraries!$B:$B,MATCH(AR43,Libraries!$A:$A,0)),"ID not found")) -> Austrian NIR soil spectral library
A44: Turgut Y.S.; Koca Y.K. | B44: Predictive mapping of soil texture using vis–NIR spectroscopy and machine learning in semi-arid Eastern Mediterranean | C44: 2026 | D44: 10.1016/j.asr.2026.04.065 | E44: - | F44: Local | G44: Adana, Turkey | H44: Asia | I44: 214 | J44: Entisols, Inceptisols, Vertisols, Mollisols, Alfisols | K44: Agricultural/Cropland and Forest | AK44: Yes | AL44: Yes | AM44: No | AO44: =IF(AN44<>"","Exclude (duplicate)",IF(OR(AK44="Check",AL44="Check",AM44="Check"),"Check",IF(AND(AK44="Yes",AL44="Yes",AM44="Yes"),"Include","Exclude"))) -> Exclude | AP44: Local texture-mapping study (214 samples), no library | AQ44: — | AT44: =IF(AR44="","",IFERROR(INDEX(Libraries!$B:$B,MATCH(AR44,Libraries!$A:$A,0)),"ID not found"))
A45: Brosens L.; Robinet J.; Pelckmans I.; Ameijeiras-Mariño Y.; Govers G.; Opfergelt S.; Minella J.P.G.; Vanderborght J. | B45: Have land use and land cover change affected soil thickness and weathering degree in a subtropical region in Southern Brazil? Insights from applied mid-infrared spectroscopy | C45: 2021 | D45: 10.1016/j.catena.2021.105698 | E45: - | F45: Regional | G45: Southern Brazil | H45: South America | I45: 229 | J45: Acrisols, Leptosols, Cambisols | K45: Forest, Agricultural (Cropland/Pasture), Plantations | L45: Soil profiles (topsoil to subsoil; weathering/thickness study) | M45: Soil samples from paired catchments under different land use/land cover in a subtropical region of southern Brazil; calibrated with samples from Vanacker et al. (2019) collected in the same catchments | N45: MIR (mid-infrared) | O45: Standard MIR range (~2500-25000 nm / 4000-400 cm-1) | P45: Bench-top FTIR (MIR) spectrometer | Q45: Not specified in available sources | R45: Air-dried, ground, sieved | S45: Laboratory | T45: Multiple weathering indices; soil thickness and weathering degree | U45: Reference geochemical/weathering index methods | V45: Not specified in available sources | W45: None specified | X45: PLSR (MIR calibration to predict weathering indices) | Y45: Cross-validation using co-located calibration samples | Z45: R2/RMSE (weathering-index-dependent) | AA45: Not specified in available sources | AB45: Catchment, land use/land cover, profile depth | AC45: Restricted (subtropical southern Brazil dataset) | AD45: Partial | AE45: Not specified in available sources | AF45: Using an existing co-located sample set to calibrate MIR predictions of weathering indices | AG45: Using applied MIR spectroscopy to assess whether land use/land cover change affected soil thickness and weathering degree | AH45: Disentangling land-use effects from intrinsic pedogenic/weathering variability using spectral proxies | AI45: Apply MIR spectroscopy as a rapid proxy for weathering indices in land-use change and soil-formation studies | AJ45: This study applied mid-infrared spectroscopy with PLSR to predict multiple weathering indices in paired subtropical southern Brazilian catchments, investigating whether land use and land cover change affected soil thickness and weathering degree, demonstrating MIR spectroscopy as a rapid proxy for pedogenic/weathering assessment. | AK45: Yes | AL45: Yes | AM45: No | AO45: =IF(AN45<>"","Exclude (duplicate)",IF(OR(AK45="Check",AL45="Check",AM45="Check"),"Check",IF(AND(AK45="Yes",AL45="Yes",AM45="Yes"),"Include","Exclude"))) -> Exclude | AP45: Two-catchment MIR study (229 samples), no library | AQ45: — | AT45: =IF(AR45="","",IFERROR(INDEX(Libraries!$B:$B,MATCH(AR45,Libraries!$A:$A,0)),"ID not found"))
A46: Greenberg I.; Seidel M.; Vohland M.; Ludwig B. | B46: Performance of field-scale lab vs in situ visible/near- and midinfrared spectroscopy for estimation of soil properties | C46: 2022 | D46: 10.1111/ejss.13180 | E46: - | F46: Field/Local | G46: Germany | H46: Europe | I46: 238 | J46: Silt loam Haplic Luvisol | K46: Agricultural/Arable | AK46: Yes | AL46: Yes | AM46: No | AO46: =IF(AN46<>"","Exclude (duplicate)",IF(OR(AK46="Check",AL46="Check",AM46="Check"),"Check",IF(AND(AK46="Yes",AL46="Yes",AM46="Yes"),"Include","Exclude"))) -> Exclude | AP46: Field-scale comparison, no library | AQ46: — | AT46: =IF(AR46="","",IFERROR(INDEX(Libraries!$B:$B,MATCH(AR46,Libraries!$A:$A,0)),"ID not found"))
A47: Kokaly R.F.; Clark R.N.; Swayze G.A.; Livo K.E.; Hoefen T.M.; Pearson N.C.; Wise R.A.; Benzel W.M.; Lowers H.A.; Driscoll R.L.; Klein A.J. | B47: USGS Spectral Library Version 7: U.S. Geological Survey Data Series | C47: 2017 | D47: 10.3133/ds1035 | E47: USGS SL | F47: Global | G47: USA | H47: North America | I47: 2456 | J47: Grasslands, semiarid shrublands, biological soil crusts, temperate evergreen forests, California chaparral, coastal wetlands | K47: Grasslands, semiarid shrublands, forests, California chaparral, and coastal wetlands | L47: Not applicable (reference laboratory/field spectra of materials) | M47: 2456 reference spectra of minerals, rocks, soils, plants, chemical compounds, man-made materials, and mixtures | N47: UV, VIS, NIR, SWIR, MIR, thermal/far-infrared | O47: 200-200000 (0.2-200 micron) | P47: Laboratory, field, and airborne spectrometers (multiple) | Q47: Instrument-dependent; high-resolution reference spectra | R47: Laboratory samples, often purified so spectral features relate to chemical structure | S47: Laboratory, field, and airborne | T47: Material/mineral identity (spectral reference, not quantitative soil chemistry) | U47: Reference spectroscopy with chemical characterization | V47: SPECPR format packaging; documented artifacts | W47: Not applicable | X47: Not applicable (reference spectral library, not a prediction model) | Y47: Not applicable | Z47: Not applicable | AA47: Purified samples with spectro-chemical links; documented possible artifacts | AB47: Instrument used, sample and spectrum metadata descriptions, sample images | AC47: Open (public domain; USGS data release, DOI 10.5066/F7RR1WDJ) | AD47: High - public domain USGS reference library with full metadata and free SPECPR software | AE47: USGS SPECPR/PRISM spectral processing standards | AF47: Supersedes and consolidates prior USGS spectral library versions (4, 5, 6) | AG47: Reference endmembers for remote sensing detection/mapping of minerals, soils, and materials | AH47: VSWIR and TIR measured with different instruments/calibration; documented spectral artifacts to account for | AI47: Use as authoritative reference library for spectral identification and remote sensing unmixing | AJ47: The USGS Spectral Library v7 is a comprehensive public-domain reference library (2,456 spectra spanning 0.2-200 micron across UV to far-infrared) of minerals, rocks, soils, vegetation, and man-made materials, purified to link spectral features to chemical structure, serving as an authoritative remote-sensing reference rather than a predictive soil library. | AK47: No | AL47: Yes | AM47: Yes | AO47: =IF(AN47<>"","Exclude (duplicate)",IF(OR(AK47="Check",AL47="Check",AM47="Check"),"Check",IF(AND(AK47="Yes",AL47="Yes",AM47="Yes"),"Include","Exclude"))) -> Exclude | AP47: General-materials library (minerals, rocks, vegetation), not soil-specific | AQ47: — | AT47: =IF(AR47="","",IFERROR(INDEX(Libraries!$B:$B,MATCH(AR47,Libraries!$A:$A,0)),"ID not found"))
A48: Cho Y.; Sheridan A.H.; Sudduth K.A.; Veum K.S. | B48: Comparison of field and laboratory VNIR spectroscopy for profile soil property estimation | C48: 2017 | D48: 10.13031/trans.12299 | E48: Missouri profile soil property estimation dataset | F48: Local | G48: Missouri, USA | H48: North America | I48: 252 | J48: Claypan soils | K48: Agricultural/Research | L48: Profile to ~1 m depth | M48: Soil cores from treatment blocks representing topsoil-depth variability at Univ. of Missouri South Farm Research Center (claypan soils) | N48: VNIR | O48: 343-2222 (Veris P4000 profile probe range) | P48: Veris P4000 in-situ profile DRS probe (field) vs laboratory VNIR spectrometer | Q48: Not specified in available sources | R48: Laboratory: air-dried, ground, sieved; Field: undisturbed in-situ profile scan | S48: Both laboratory (dried soil) and in-situ field profile scanning compared | T48: Soil carbon, nitrogen, water content, texture | U48: Standard reference lab methods for C, N, texture | V48: Not specified in available sources | W48: None specified | X48: PLSR (typical for this research group's related profile-probe studies) | Y48: Cross-validation; comparison of field vs lab estimates | Z48: R2 varies by property; laboratory spectra generally outperformed field/in-situ profile spectra | AA48: Not specified in available sources | AB48: Depth, field location, treatment block (topsoil depth variability) | AC48: Restricted (USDA-ARS Missouri research dataset) | AD48: Partial | AE48: Not specified in available sources | AF48: Not specified in available sources | AG48: In-situ profile soil property estimation for precision agriculture on claypan soils | AH48: Field/in-situ spectra affected by soil moisture, surface roughness, and profile heterogeneity, reducing prediction accuracy relative to lab spectra | AI48: Combine profile VNIR with complementary sensors (EC, penetrometer) to improve in-situ property estimation | AJ48: Comparing an in-situ profile VNIR probe (Veris P4000) against laboratory VNIR spectroscopy on Missouri claypan soils, the study found that laboratory-based spectra generally provided more accurate profile soil property estimates than field/in-situ measurements, highlighting persistent challenges of moving spectroscopy from lab to field. | AK48: Yes | AL48: Yes | AM48: No | AO48: =IF(AN48<>"","Exclude (duplicate)",IF(OR(AK48="Check",AL48="Check",AM48="Check"),"Check",IF(AND(AK48="Yes",AL48="Yes",AM48="Yes"),"Include","Exclude"))) -> Exclude | AP48: Single-field profile study (Missouri), no library | AQ48: — | AT48: =IF(AR48="","",IFERROR(INDEX(Libraries!$B:$B,MATCH(AR48,Libraries!$A:$A,0)),"ID not found"))
A49: Mendes W.S.; Boechat C.L.; Gualberto A.V.S.; Barbosa R.S.; da Silva Y.J.A.B.; Saraiva P.C.; de Sena A.F.S.; Duarte L.S.L. | B49: Soil spectral library of piauí state using machine learning for laboratory analysis in Northeastern Brazil | C49: 2021 | D49: 10.36783/18069657rbcs20200115 | E49: Soil spectral library of the Piauí State | F49: Regional | G49: Piauí State, Brazil | H49: South America | I49: 262 | J49: Tropical soils | K49: Agricultural/Pastures | AK49: Yes | AL49: Yes | AM49: Yes | AO49: =IF(AN49<>"","Exclude (duplicate)",IF(OR(AK49="Check",AL49="Check",AM49="Check"),"Check",IF(AND(AK49="Yes",AL49="Yes",AM49="Yes"),"Include","Exclude"))) -> Include | AQ49: Introduces | AR49: BR-PI | AT49: =IF(AR49="","",IFERROR(INDEX(Libraries!$B:$B,MATCH(AR49,Libraries!$A:$A,0)),"ID not found")) -> Soil spectral library of Piauí State
A50: Conforti M.; Matteucci G.; Buttafuoco G. | B50: Using laboratory Vis-NIR spectroscopy for monitoring some forest soil properties | C50: 2018 | D50: 10.1007/s11368-017-1766-5 | E50: Calabria RSSL | F50: Regional | G50: Calabria, Italy | H50: Europe | I50: 267 | J50: Forest soils | K50: Forest | L50: 0-20 cm | M50: 267 sample locations across a representative forest area in Calabria, southern Italy | N50: vis-NIR | O50: 350-2500 | P50: ASD FieldSpec IV spectroradiometer (artificial light) | Q50: Not specified in available sources | R50: Oven-dried, passed through 2-mm sieve | S50: Laboratory (artificial light) | T50: Soil organic carbon (SOC), total nitrogen (TN), pH, texture (sand, silt, clay) | U50: Conventional laboratory chemical/physical methods | V50: Not specified in available sources (standard preprocessing) | W50: None specified | X50: PLSR (partial least squares regression) | Y50: Cross-validation | Z50: R2/RMSE (property-dependent, best for SOC/TN) | AA50: Not specified in available sources | AB50: Location, landscape position, forest type | AC50: Restricted (regional Calabria forest SSL) | AD50: Partial | AE50: Not specified in available sources | AF50: Not specified in available sources | AG50: Cost-effective monitoring of forest soil properties (SOC, TN, pH, texture) for sustainable land management | AH50: Standard soil texture/property analysis is time-consuming and costly for forest areas | AI50: Adopt laboratory Vis-NIR + PLSR as a rapid alternative to conventional analysis for forest soil monitoring | AJ50: Laboratory Vis-NIR spectroscopy coupled with PLSR effectively predicted key forest soil properties (SOC, TN, pH, and texture) across 267 sites in a representative southern Italian (Calabria) forest, supporting it as a rapid, cost-effective alternative to conventional laboratory analysis for sustainable forest land management. | AK50: Yes | AL50: Yes | AM50: Yes | AO50: =IF(AN50<>"","Exclude (duplicate)",IF(OR(AK50="Check",AL50="Check",AM50="Check"),"Check",IF(AND(AK50="Yes",AL50="Yes",AM50="Yes"),"Include","Exclude"))) -> Include | AQ50: Introduces | AR50: IT-CAL | AT50: =IF(AR50="","",IFERROR(INDEX(Libraries!$B:$B,MATCH(AR50,Libraries!$A:$A,0)),"ID not found")) -> Calabria forest soil vis-NIR dataset
A51: Shi Z.; Ji W.; Viscarra Rossel R.A.; Chen S.; Zhou Y. | B51: Prediction of soil organic matter using a spatially constrained local partial least squares regression and the Chinese vis-NIR spectral library | C51: 2015 | D51: 10.1111/ejss.12272 | E51: Chinese Soil Spectral Library (CSSL)/LUCAS SSL | F51: National | G51: China | H51: Asia | I51: 2732 | J51: Phaezems, Chernozems, Kastanozems, Anthrosols, Luvisols, Haplic Alisols, Arenosols, Regosols, Humic Alisols, Eutric Cambisols, Solonchak | K51: Agricultural/Cropland | L51: Topsoil | M51: 2732 samples from the Chinese Soil Spectral Library, with spatial constraints applied to local calibration set selection | N51: vis-NIR | O51: 350-2500 | P51: vis-NIR spectrometer | Q51: Not specified in available sources | R51: Air-dried, ground, sieved | S51: Laboratory | T51: Soil organic matter (SOM) | U51: Standard SOM reference method | V51: Not specified in available sources | W51: Spatial constraint (geographic proximity) added to local calibration sample selection | X51: Spatially constrained local PLSR (spc-LPLSR) | Y51: Cross-validation; comparison of local vs spatially-constrained-local models | Z51: R2/RMSE (property-dependent); spatial constraint improved SOM prediction over standard local PLSR | AA51: Not specified in available sources | AB51: Geographic coordinates, soil type | AC51: Restricted (Chinese Soil Spectral Library, CSSL) | AD51: Partial | AE51: Not specified in available sources | AF51: Spatially constrained local sample selection from a national library | AG51: Improving national-library-based SOM prediction for new spectral readings using spatial constraints | AH51: Determining the best way to use regional/national/global libraries to predict at new local sites | AI51: Add spatial constraints (geographic proximity) to local PLSR calibration selection to improve prediction from large libraries | AJ51: Adding a spatial constraint (geographic proximity) to local PLSR calibration-set selection from the 2,732-sample Chinese vis-NIR soil spectral library improved soil organic matter prediction accuracy compared with standard (non-spatial) local PLSR, addressing how best to exploit large libraries for new local predictions. | AK51: Yes | AL51: Yes | AM51: Yes | AO51: =IF(AN51<>"","Exclude (duplicate)",IF(OR(AK51="Check",AL51="Check",AM51="Check"),"Check",IF(AND(AK51="Yes",AL51="Yes",AM51="Yes"),"Include","Exclude"))) -> Include | AQ51: Uses | AR51: CN-CSSL | AT51: =IF(AR51="","",IFERROR(INDEX(Libraries!$B:$B,MATCH(AR51,Libraries!$A:$A,0)),"ID not found")) -> Chinese Soil Spectral Library (CSSL)
A52: Shepherd K.D.; Walsh M.G. | B52: Development of reflectance spectral libraries for characterization of soil properties | C52: 2002 | D52: 10.2136/sssaj2002.9880 | E52: Africa soils library | F52: Regional | G52: Eastern and Southern Africa | H52: Africa | I52: 274 (South Africa) / 697 (Eastern Africa) | J52: Main soil types represented | K52: Diverse/Agricultural | L52: Topsoil | M52: Over 1000 archived topsoils from eastern and southern Africa; one-third randomly withheld for validation | N52: vis-NIR-SWIR | O52: 350-2500 (0.35-2.5 micron) | P52: Portable spectrometer with artificial light source | Q52: Not specified in available sources | R52: Air-dried soil fines | S52: Laboratory | T52: Exchangeable Ca, Mg, K; ECEC; organic C; clay content; sand content; pH; extractable P; N mineralization potential | U52: Standard wet-chemistry reference methods | V52: Not specified in available sources | W52: Classification trees for diagnostic screening tests | X52: Multivariate Adaptive Regression Splines (MARS); classification trees for screening tests | Y52: One-third random hold-out validation | Z52: Validation R2: exchangeable Ca 0.88, ECEC 0.88, exchangeable Mg 0.81, organic C 0.80, clay 0.80, sand 0.76, pH 0.70; screening test likelihood ratios up to 10.8 (ECEC<4.0) | AA52: Iterative improvement via detection of spectral outliers among new samples | AB52: Location (eastern/southern Africa), soil archive origin | AC52: Restricted (ICRAF archive-based library) | AD52: Partial | AE52: Not specified in available sources | AF52: Not specified in available sources | AG52: Rapid, non-destructive diagnostic screening of soil fertility constraints for land management in developing countries | AH52: Effect of sample size on prediction accuracy; detecting spectral outliers in new samples | AI52: Use spectral library approach with iterative outlier detection to expand predictive value over time; apply diagnostic screening (classification tree) tests for practical soil fertility risk assessment | AJ52: One of the earliest large soil spectral libraries (>1,000 African topsoils) demonstrated strong vis-NIR-SWIR prediction of key fertility properties (R2 0.70-0.88) using MARS models, plus diagnostic screening tests for fertility constraints, establishing a foundational approach for spectral library-based soil diagnostics still used today (e.g. ICRAF/KSSL descendants). | AK52: Yes | AL52: Yes | AM52: Yes | AO52: =IF(AN52<>"","Exclude (duplicate)",IF(OR(AK52="Check",AL52="Check",AM52="Check"),"Check",IF(AND(AK52="Yes",AL52="Yes",AM52="Yes"),"Include","Exclude"))) -> Include | AQ52: Introduces | AR52: AF-ICRAF-ESA | AT52: =IF(AR52="","",IFERROR(INDEX(Libraries!$B:$B,MATCH(AR52,Libraries!$A:$A,0)),"ID not found")) -> ICRAF Eastern & Southern Africa reflectance library
A53: Peng Y.; Knadel M.; Gislum R.; Deng F.; Norgaard T.; De Jonge L.W.; Moldrup P.; Greve M.H. | B53: Predicting soil organic carbon at field scale using a national soil spectral library | C53: 2013 | D53: 10.1255/jnirs.1053 | E53: Danish Soil Spectral Library | F53: National | G53: Denmark | H53: Europe | I53: 2851 | J53: Mineral soils in moraine landscapes | K53: Agricultural | L53: Topsoil | M53: 35 target-field samples predicted using the Danish national SSL (2688 samples), a spiked library (2718), and three sub-sets selected by different criteria | N53: vis-NIR | O53: 350-2500 (typical vis-NIR range) | P53: vis-NIR diffuse reflectance spectrometer | Q53: Not specified in available sources | R53: Air-dried, ground, sieved | S53: Laboratory | T53: Soil organic carbon (SOC) | U53: Standard SOC reference method (dry combustion) | V53: Not specified in available sources | W53: Three sub-set selection methods: geographically closest (84), same landscape/parent material (96), most spectrally similar | X53: PLSR; spiking (adding 30 local samples to the national library) | Y53: Field-scale validation on 35 samples from one field | Z53: R2/RMSE (property-dependent); spiking and targeted sub-setting improved field-scale SOC prediction over the full national library | AA53: Not specified in available sources | AB53: Landscape, parent material, geographic location | AC53: Restricted (Danish national SSL) | AD53: Partial | AE53: Not specified in available sources | AF53: Spiking a national library with local samples; sub-setting by geographic/landscape/spectral similarity | AG53: Field-scale SOC prediction leveraging a national spectral library | AH53: A large national library may not optimally represent a specific target field without local adaptation | AI53: Spike national libraries with a small number of local samples, or select geographically/spectrally similar sub-sets, to improve field-scale prediction accuracy | AJ53: Predicting SOC for a single Danish field, spiking the national Danish soil spectral library (2,688 samples) with 30 local samples, or selecting geographically/spectrally similar sub-sets, improved field-scale SOC prediction accuracy over using the full national library alone. | AK53: Yes | AL53: Yes | AM53: Yes | AO53: =IF(AN53<>"","Exclude (duplicate)",IF(OR(AK53="Check",AL53="Check",AM53="Check"),"Check",IF(AND(AK53="Yes",AL53="Yes",AM53="Yes"),"Include","Exclude"))) -> Include | AQ53: Uses | AR53: DK-VNIR | AT53: =IF(AR53="","",IFERROR(INDEX(Libraries!$B:$B,MATCH(AR53,Libraries!$A:$A,0)),"ID not found")) -> Danish national vis-NIR library
A54: Meerdink S.K.; Hook S.J.; Roberts D.A.; Abbott E.A. | B54: The ECOSTRESS spectral library version 1.0 | C54: 2019 | D54: 10.1016/j.rse.2019.05.015 | E54: ECOSTRESS spectral library | F54: Global | G54: NA | H54: NA | I54: 3000 | J54: Silicate, Sulfate, Carbonate, Sedimentary, Igneous soils | K54: Forests and Grassland | L54: Not applicable (reference laboratory spectra of materials, not field soil sampling) | M54: Compiled comprehensive reference library (>3000 spectra) of soils, minerals, rocks, vegetation, NPV, man-made materials, meteorites, water/snow/ice; expanded from ASTER 2.0 | N54: VIS/SWIR and TIR (thermal infrared) | O54: 350-15400 (0.35-15.4 micron) | P54: Separate instruments for VSWIR and TIR (different calibration sources) | Q54: High spectral resolution laboratory spectra | R54: Laboratory-prepared reference material samples | S54: Laboratory | T54: Material identity/mineralogy (spectral reference, not quantitative soil chemistry) | U54: Reference laboratory spectroscopy (not wet-chemistry soil analysis) | V54: Not applicable | W54: Not applicable | X54: Not applicable (reference spectral library, not a prediction model) | Y54: Not applicable | Z54: Not applicable | AA54: Separate VSWIR/TIR calibration sources; caution advised when combining into a seamless spectrum | AB54: Material type, source, mineral/species identity | AC54: Open (publicly available at speclib.jpl.nasa.gov) | AD54: High - publicly available NASA/JPL reference library | AE54: JPL/ASTER-ECOSTRESS spectral library protocol | AF54: Expansion/renaming of the ASTER 2.0 library into ECOSTRESS 1.0 | AG54: Reference spectra for remote sensing (ECOSTRESS thermal mission), leaf/pixel-level interpretation, mineral/soil identification | AH54: VSWIR and TIR measured with different instruments/calibration; care needed to combine into seamless spectra | AI54: Use as reference endmembers; extend leaf/NPV/TIR coverage for vegetation and thermal remote sensing | AJ54: The ECOSTRESS spectral library v1.0 (>3,000 laboratory reference spectra spanning 0.35-15.4 micron, including soils, minerals, rocks, and vegetation) expanded the ASTER 2.0 library to support the ECOSTRESS thermal mission, serving as an open reference resource for remote sensing rather than a predictive soil-property library. | AK54: No | AL54: Yes | AM54: Yes | AO54: =IF(AN54<>"","Exclude (duplicate)",IF(OR(AK54="Check",AL54="Check",AM54="Check"),"Check",IF(AND(AK54="Yes",AL54="Yes",AM54="Yes"),"Include","Exclude"))) -> Exclude | AP54: General-materials library, not soil-specific | AQ54: — | AT54: =IF(AR54="","",IFERROR(INDEX(Libraries!$B:$B,MATCH(AR54,Libraries!$A:$A,0)),"ID not found"))
A55: Romero D.J.; Ben-Dor E.; Demattê J.A.M.; Souza A.B.E.; Vicente L.E.; Tavares T.R.; Martello M.; Strabeli T.F.; da Silva Barros P.P.; Fiorio P.R.; Gallo B.C.; Sato M.V.; Eitelwein M.T. | B55: Internal soil standard method for the Brazilian soil spectral library: Performance and proximate analysis | C55: 2018 | D55: 10.1016/j.geoderma.2017.09.014 | E55: BSSL | F55: National | G55: Brazil | H55: South America | I55: 30000 | J55: Oxisols | K55: Agricultural | L55: Multiple (BSSL compilation) | M55: Samples from the Brazilian Soil Spectral Library (BSSL), used to develop and test an internal soil standard (ISS) method for spectral harmonization | N55: vis-NIR-SWIR | O55: 350-2500 | P55: Multiple spectrometers (heterogeneous BSSL contributors) | Q55: Not specified in available sources | R55: Air-dried, ground, sieved | S55: Laboratory (multiple labs/instruments) | T55: Soil properties predicted from harmonized spectra (SOC, clay, etc.) | U55: Standard Brazilian reference methods | V55: Internal Soil Standard (ISS) normalization using a reference soil sample measured on each instrument | W55: None specified | X55: Proximate analysis / prediction models on ISS-corrected spectra | Y55: Performance comparison of ISS-corrected vs uncorrected spectra across instruments | Z55: ISS method improved consistency and prediction performance across instruments/labs | AA55: Use of an internal soil standard measured on each device to detect and correct instrument/lab differences | AB55: Instrument/lab identity, reference standard measurements | AC55: Restricted (BSSL) | AD55: Partial | AE55: Internal Soil Standard (ISS) method - a key standardization protocol for the BSSL | AF55: Internal Soil Standard (ISS): measuring a common reference soil on every instrument to normalize spectra across heterogeneous sources | AG55: Harmonizing spectra from many instruments/labs to build a consistent national soil spectral library | AH55: Heterogeneous spectra from diverse sources/spectrometers degrade combined-library prediction performance | AI55: Adopt the Internal Soil Standard method across collaborating labs to optimally process heterogeneous spectral data | AJ55: This influential BSSL methods paper introduced the Internal Soil Standard (ISS) method - measuring a common reference soil on every instrument to normalize spectra - which improved consistency and prediction performance when combining heterogeneous spectra from many laboratories and spectrometers into the Brazilian Soil Spectral Library. | AK55: Yes | AL55: Yes | AM55: Yes | AO55: =IF(AN55<>"","Exclude (duplicate)",IF(OR(AK55="Check",AL55="Check",AM55="Check"),"Check",IF(AND(AK55="Yes",AL55="Yes",AM55="Yes"),"Include","Exclude"))) -> Include | AQ55: Methods for | AR55: BR-BSSL | AT55: =IF(AR55="","",IFERROR(INDEX(Libraries!$B:$B,MATCH(AR55,Libraries!$A:$A,0)),"ID not found")) -> Brazilian Soil Spectral Library (BSSL, vis-NIR-SWIR)
A56: Hong Y.; Chen Y.; Chen S.; Shen R.; Hu B.; Peng J.; Wang N.; Guo L.; Zhuo Z.; Yang Y.; Liu Y.; Mouazen A.M.; Shi Z. | B56: Data mining of urban soil spectral library for estimating organic carbon | C56: 2022 | D56: 10.1016/j.geoderma.2022.116102 | E56: The Wuhan SSL | F56: Local | G56: Wuhan, China | H56: Asia | I56: 3492 | J56: Fluvisols, Anthrosols, Planosols, Alisols, Acrisols | K56: Urban | L56: Topsoil | M56: 3492 samples across urban and peri-urban Wuhan, stratified by land use/land cover (LULC) | N56: vis-NIR | O56: 350-2500 (typical vis-NIR range) | P56: ASD-type spectroradiometer | Q56: Not specified in available sources | R56: Air-dried, ground, sieved | S56: Laboratory | T56: Soil organic carbon (SOC) | U56: Standard SOC reference method | V56: Not specified in available sources | W56: LULC-based environmental stratification | X56: CNN (deep learning) for global SSL prediction; Cubist model after LULC stratification | Y56: Cross-validation | Z56: CNN achieved high accuracy on the full urban SSL; Cubist gave optimal SOC prediction after LULC stratification | AA56: Not specified in available sources | AB56: Land use/land cover classification, urban/peri-urban zone | AC56: Restricted (Wuhan urban SSL) | AD56: Partial | AE56: Not specified in available sources | AF56: LULC-based stratification of a large urban SSL to improve local model accuracy | AG56: Urban/peri-urban soil organic carbon estimation for city management and anthropogenic-change monitoring | AH56: High heterogeneity of urban soils/land uses complicates direct application of a single global model | AI56: Stratify large urban SSLs by LULC class before local (Cubist-type) model calibration | AJ56: In a 3,492-sample Wuhan urban/peri-urban soil spectral library, CNN modelling of the full library achieved high SOC prediction accuracy, but stratifying the library by land use/land cover class before applying a Cubist model gave the best overall SOC predictions, with high-SOC areas concentrated in constructed land. | AK56: Yes | AL56: Yes | AM56: Yes | AO56: =IF(AN56<>"","Exclude (duplicate)",IF(OR(AK56="Check",AL56="Check",AM56="Check"),"Check",IF(AND(AK56="Yes",AL56="Yes",AM56="Yes"),"Include","Exclude"))) -> Include | AQ56: Uses | AR56: CN-WH | AT56: =IF(AR56="","",IFERROR(INDEX(Libraries!$B:$B,MATCH(AR56,Libraries!$A:$A,0)),"ID not found")) -> Wuhan urban soil spectral library
A57: Li S.; Zhou Y.; Mouazen A.M.; Chen S.; Viscarra Rossel R.A.; Biswas A.; Ji W.; Shi Z.; Wang S. | B57: Integrating soil spectral libraries with laboratory hyperspectral imaging for profile organic carbon prediction in paddy soils | C57: 2026 | D57: 10.1016/j.still.2025.107028 | E57: ICRAF-ISRIC | F57: Global | G57: NA | H57: NA | I57: 3755 | J57: Paddy soils from yellow-brown earths and red soils | K57: Agricultural/Cropland | AK57: Yes | AL57: Yes | AM57: Yes | AO57: =IF(AN57<>"","Exclude (duplicate)",IF(OR(AK57="Check",AL57="Check",AM57="Check"),"Check",IF(AND(AK57="Yes",AL57="Yes",AM57="Yes"),"Include","Exclude"))) -> Include | AQ57: Uses | AR57: GL-ICRAF-VNIR | AT57: =IF(AR57="","",IFERROR(INDEX(Libraries!$B:$B,MATCH(AR57,Libraries!$A:$A,0)),"ID not found")) -> ICRAF-ISRIC global vis-NIR library
A58: Demattê J.A.M. et al. | B58: The Brazilian Soil Spectral Library (BSSL): A general view, application and challenges | C58: 2019 | D58: 10.1016/j.geoderma.2019.05.043 | E58: BSSL | F58: National | G58: Brazil | H58: South America | I58: 39284 | J58: Lixisols, Ferralsols, Arenosols, Gleysols, Cambisols, Nitisols, Plinthosols, Planosols, Luvisols, Histosols, Podzols, Vertisols | K58: Agriculture | L58: Multiple depths/horizons (national compilation since 1995) | M58: Compiled from 65 contributors across 41 institutions in all 26 Brazilian states | N58: VIS-NIR-SWIR | O58: 350-2500 | P58: ASD FieldSpec 3 spectroradiometer | Q58: Not specified in detail | R58: Air-dried, sieved, ground (standard BSSL protocol) | S58: Laboratory | T58: Clay, sand, SOC, CEC, pH, base saturation | U58: Standard Brazilian soil analysis reference methods | V58: MSC, Continuum Removal, SNV (property-dependent) | W58: None specified as standard step | X58: PLSR (also SVM in related BSSL work) | Y58: Cross-validation | Z58: R2 (e.g. 0.43, 0.41, 0.32, 0.24 across states for some properties) | AA58: Internal Soil Standard (ISS) method for cross-instrument/protocol harmonization | AB58: State, institution, soil taxonomy, spectral protocol | AC58: Open (later releases via Zenodo) | AD58: Partial to high (improved in later open-access releases) | AE58: Internal Soil Standard (ISS) method | AF58: Cross-institution standardization via ISS and joint pedometrics partnership | AG58: National to state/regional-scale digital soil mapping and property estimation | AH58: Harmonizing spectra collected by different instruments/protocols across 41 institutions | AI58: Broader adoption of ISS method; continued expansion and open data release | AJ58: The BSSL, built from 39,284 samples across all 26 Brazilian states, enabled estimation of key soil attributes (clay, SOC, CEC, pH) and identified six characteristic spectral signature patterns for Brazilian soils, while highlighting the need for cross-lab standardization. | AK58: Yes | AL58: Yes | AM58: Yes | AO58: =IF(AN58<>"","Exclude (duplicate)",IF(OR(AK58="Check",AL58="Check",AM58="Check"),"Check",IF(AND(AK58="Yes",AL58="Yes",AM58="Yes"),"Include","Exclude"))) -> Include | AQ58: Introduces | AR58: BR-BSSL | AT58: =IF(AR58="","",IFERROR(INDEX(Libraries!$B:$B,MATCH(AR58,Libraries!$A:$A,0)),"ID not found")) -> Brazilian Soil Spectral Library (BSSL, vis-NIR-SWIR)
A59: Ji W.; Li S.; Chen S.; Shi Z.; Viscarra Rossel R.A.; Mouazen A.M. | B59: Prediction of soil attributes using the Chinese soil spectral library and standardized spectra recorded at field conditions | C59: 2016 | D59: 10.1016/j.still.2015.06.004 | E59: Chinese Soil Spectral Library (CSSL) | F59: National | G59: China | H59: Asia | I59: 3993 | J59: Eutric Cambisols, Anthrosols, Phaezems, Chernozems, Arenosols, Regosols, Humic Alisols, Luvisols, Kastanozems, Haplic Alisols, Solonchak | K59: Agricultural/Cropland | L59: Topsoil (paddy fields) | M59: 3993 samples in the Chinese Soil Spectral Library (dry ground); small local subset dried/ground for calibration transfer to field spectra | N59: vis-NIR | O59: 350-2500 | P59: vis-NIR spectrometer (lab and field) | Q59: Not specified in available sources | R59: Library: air-dried, ground, sieved; Field: fresh/non-processed (moisture present) | S59: Both laboratory (library) and field (fresh samples) | T59: Organic matter (OM), total nitrogen (TN), pH | U59: Standard reference methods for OM, TN, pH | V59: Direct Standardization (DS) algorithm to remove soil moisture/environmental effects | W59: None specified | X59: PLSR built from the CSSL, with DS calibration transfer to field spectra | Y59: Field-condition validation using DS-transferred spectra | Z59: CSSL models accurately predicted pH, OM, and TN simultaneously from DS-transferred field spectra in paddy soils | AA59: Not specified in available sources | AB59: Paddy field location, soil type | AC59: Restricted (Chinese Soil Spectral Library, CSSL) | AD59: Partial | AE59: Direct Standardization (DS) calibration transfer | AF59: DS algorithm to transfer a dry-ground national library to fresh/moist field spectra using a small local dry-ground subset | AG59: In-field prediction of paddy soil fertility (pH, OM, TN) using a national dry-ground spectral library | AH59: Soil moisture and particle-size differences prevent direct use of dry-ground library models on fresh field spectra | AI59: Use Direct Standardization with a small dried/ground local subset to enable national dry-ground libraries to predict from field-condition spectra | AJ59: Using Direct Standardization to correct for soil moisture, models built from the dry-ground Chinese Soil Spectral Library (3,993 samples) could simultaneously predict pH, organic matter, and total nitrogen from fresh field-condition paddy-soil spectra, requiring only a small local dried/ground subset for calibration transfer. | AK59: Yes | AL59: Yes | AM59: Yes | AO59: =IF(AN59<>"","Exclude (duplicate)",IF(OR(AK59="Check",AL59="Check",AM59="Check"),"Check",IF(AND(AK59="Yes",AL59="Yes",AM59="Yes"),"Include","Exclude"))) -> Include | AQ59: Uses | AR59: CN-CSSL | AT59: =IF(AR59="","",IFERROR(INDEX(Libraries!$B:$B,MATCH(AR59,Libraries!$A:$A,0)),"ID not found")) -> Chinese Soil Spectral Library (CSSL)
A60: Al-Rawabdeh A.; Alsaleh A.R.; Awawdeh M. | B60: Spectroscopic Prediction of Soil Iron Oxides, Organic Carbon, and Calcium Using VIS-NIR and PLSR in Northern Jordan | C60: 2026 | D60: - | E60: - | F60: Local | G60: Jordan | H60: Asia | I60: 40 | J60: Red Mediterranean soils, Yellow Mediterranean soils, Yellow soils | K60: Mediterranean woodlands, forest-steppe, Agricultural/Cropland | AK60: Yes | AL60: Yes | AM60: No | AO60: =IF(AN60<>"","Exclude (duplicate)",IF(OR(AK60="Check",AL60="Check",AM60="Check"),"Check",IF(AND(AK60="Yes",AL60="Yes",AM60="Yes"),"Include","Exclude"))) -> Exclude | AP60: Local calibration study (40 samples), no library | AQ60: — | AT60: =IF(AR60="","",IFERROR(INDEX(Libraries!$B:$B,MATCH(AR60,Libraries!$A:$A,0)),"ID not found"))
A61: Li H.; Li Y.; Yang M.; Chen S.; Shi Z. | B61: Strategies for efficient estimation of soil organic content at the local scale based on a national spectral database | C61: 2022 | D61: 10.1002/ldr.4223 | E61: CSSL | F61: Local | G61: Germany | H61: Asia | I61: 4086 | J61: - | K61: Agricultural/Cropland | AK61: Yes | AL61: Yes | AM61: Yes | AO61: =IF(AN61<>"","Exclude (duplicate)",IF(OR(AK61="Check",AL61="Check",AM61="Check"),"Check",IF(AND(AK61="Yes",AL61="Yes",AM61="Yes"),"Include","Exclude"))) -> Include | AP61: Country field says Germany – likely an error | AQ61: Uses | AR61: CN-CSSL | AT61: =IF(AR61="","",IFERROR(INDEX(Libraries!$B:$B,MATCH(AR61,Libraries!$A:$A,0)),"ID not found")) -> Chinese Soil Spectral Library (CSSL)
A62: Yang M.; Chen S.; Xu D.; Hong Y.; Li S.; Peng J.; Ji W.; Guo X.; Zhao X.; Shi Z. | B62: Strategies for predicting soil organic matter in the field using the Chinese Vis-NIR soil spectral library | C62: 2023 | D62: 10.1016/j.geoderma.2023.116461 | E62: CSSL | F62: Local | G62: Jiangxi Province, China | H62: Asia | I62: 4086 | J62: - | K62: Agricultural/Cropland | AK62: Yes | AL62: Yes | AM62: Yes | AO62: =IF(AN62<>"","Exclude (duplicate)",IF(OR(AK62="Check",AL62="Check",AM62="Check"),"Check",IF(AND(AK62="Yes",AL62="Yes",AM62="Yes"),"Include","Exclude"))) -> Include | AQ62: Uses | AR62: CN-CSSL | AT62: =IF(AR62="","",IFERROR(INDEX(Libraries!$B:$B,MATCH(AR62,Libraries!$A:$A,0)),"ID not found")) -> Chinese Soil Spectral Library (CSSL)
A63: Metzger K.; Zhang C.; Ward M.; Daly K. | B63: Mid-infrared spectroscopy as an alternative to laboratory extraction for the determination of lime requirement in tillage soils | C63: 2020 | D63: 10.1016/j.geoderma.2020.114171 | E63: - | F63: National | G63: Ireland | H63: Europe | I63: 41 | J63: Luvisols, Brown Earths, Groundwater Gley, Surface Water Gley, Brown Podzolic, Alluvial Soil | K63: Agricultural/Tillage and Grasslands | L63: Topsoil (tillage fields) | M63: 655 samples from 41 cereal tillage fields; split into calibration (31 fields, n=495) and validation (10 fields, n=160) | N63: MIR (DRIFTS) | O63: Standard MIR range (~2500-15000 nm / 4000-600 cm-1) | P63: Bench-top FTIR (DRIFTS) | Q63: Not specified in available sources | R63: Air-dried, ground, sieved | S63: Laboratory | T63: Lime requirement (LR) via Shoemaker-McLean-Pratt (SMP) buffer method | U63: SMP buffer method (wet-chemistry lime requirement extraction) | V63: Preprocessing applied prior to PLSR (not further detailed) | W63: Loading weights identified organic matter, clay, and carbonates as model drivers | X63: PLSR (MIR-DRIFTS calibration for SMP-buffer lime requirement) | Y63: Field-based split validation (10 independent validation fields) | Z63: 0.2<R2<0.8, 0.7<RMSEP<3.2, 0.5<RPIQ<2.9; field averages close to lab averages but within-field variability not precisely predicted | AA63: Not specified in available sources | AB63: Field ID, soil type (Luvisols, Brown Earths, etc.) | AC63: Restricted (Irish tillage dataset) | AD63: Partial | AE63: Not specified in available sources | AF63: Not specified in available sources | AG63: MIR-based lime requirement prediction as an alternative to wet-chemistry SMP buffer extraction | AH63: MIR predicts field-average lime requirement well but is not precise enough for within-field variability; conventional SMP method uses soon-to-be-banned carcinogenic reagents | AI63: Use MIR-DRIFTS as a reagent-free alternative to the SMP buffer method for field-average lime recommendations | AJ63: MIR-DRIFTS with PLSR predicted lime requirement (SMP buffer) in Irish tillage soils with field-average accuracy close to laboratory values (though within-field variability was imprecise), offering a cost-effective, reagent-free alternative to the carcinogenic SMP wet-chemistry method being phased out under EU legislation. | AK63: Yes | AL63: Yes | AM63: No | AO63: =IF(AN63<>"","Exclude (duplicate)",IF(OR(AK63="Check",AL63="Check",AM63="Check"),"Check",IF(AND(AK63="Yes",AL63="Yes",AM63="Yes"),"Include","Exclude"))) -> Exclude | AP63: Lime-requirement calibration (41 samples), no library | AQ63: — | AT63: =IF(AR63="","",IFERROR(INDEX(Libraries!$B:$B,MATCH(AR63,Libraries!$A:$A,0)),"ID not found"))
A64: Mendes W.D.S.; Demattê J.A.M.; Rosin N.A.; Terra F.D.S.; Poppiel R.R.; Urbina-Salazar D.F.; Boechat C.L.; Silva E.B.; Curi N.; Silva S.H.G.; José dos Santos U.; Souza Valladares G. | B64: The Brazilian soil Mid-infrared Spectral Library: The Power of the Fundamental Range | C64: 2022 | D64: 10.1016/j.geoderma.2022.115776 | E64: BSSL | F64: National | G64: Brazil | H64: South America | I64: 4309 (MIR) | J64: Lixisols, Arenosols, Cambisols, Chernozems, Ferralsols, Fluvisols, Gleysols, Histosols, Leptosols, Luvisols, Nitisols, Planosols, Plinthosols, Podzols, Regosols, Solonetz, Vertisols | K64: Agriculture and Forest | AK64: Yes | AL64: Yes | AM64: Yes | AO64: =IF(AN64<>"","Exclude (duplicate)",IF(OR(AK64="Check",AL64="Check",AM64="Check"),"Check",IF(AND(AK64="Yes",AL64="Yes",AM64="Yes"),"Include","Exclude"))) -> Include | AQ64: Introduces | AR64: BR-BSSL-MIR | AT64: =IF(AR64="","",IFERROR(INDEX(Libraries!$B:$B,MATCH(AR64,Libraries!$A:$A,0)),"ID not found")) -> Brazilian soil MIR Spectral Library
A65: Baumann P.; Helfenstein A.; Gubler A.; Keller A.; Meuli R.G.; Wächter D.; Lee J.; Viscarra Rossel R.; Six J. | B65: Developing the Swiss mid-infrared soil spectral library for local estimation and monitoring | C65: 2021 | D65: 10.5194/soil-7-525-2021 | E65: Swiss soil spectral library | F65: National | G65: Switzerland | H65: Europe | I65: 4374 | J65: Mineral and organic soils, Peatlands | K65: Agricultural/Arable, Natural/Conservation | L65: 0-20 cm | M65: Stratified random sampling with bulking of subsamples (NABO monitoring network + national archive) | N65: MIR | O65: ~2500-25000 (4002-399 cm-1) | P65: FTIR (DRIFTS) | Q65: 3 scans averaged per sample | R65: Air-dried, ground, sieved; KBr background | S65: Laboratory | T65: Total carbon and 17 soil properties | U65: Dry combustion (Vario/CNS analyzer) and standard reference methods | V65: Not specified in available sources | W65: Not specified in available sources | X65: Cubist (rule-based regression trees); RS-LOCAL for site-specific tuning | Y65: 10-fold cross-validation grouped by location | Z65: RMSE, RPIQ | AA65: Data harmonization per Desaules et al. 2010 / Gubler et al. 2019 | AB65: Site, land use, sampling depth | AC65: Restricted (national monitoring network) | AD65: Partial | AE65: Swiss Soil Monitoring Network (NABO) protocol | AF65: RS-LOCAL spiking with local tuning samples | AG65: Local soil carbon estimation and long-term national soil monitoring | AH65: Balancing national generality with local prediction accuracy | AI65: Use of small numbers of local tuning samples (5-10) to adapt national models to new sites | AJ65: A >4,300-sample Swiss national MIR library combined with RS-LOCAL site-specific tuning (as few as 5-10 samples) achieved local carbon prediction accuracy comparable to fully local calibration with 50 samples. | AK65: Yes | AL65: Yes | AM65: Yes | AO65: =IF(AN65<>"","Exclude (duplicate)",IF(OR(AK65="Check",AL65="Check",AM65="Check"),"Check",IF(AND(AK65="Yes",AL65="Yes",AM65="Yes"),"Include","Exclude"))) -> Include | AQ65: Introduces | AR65: CH-MIR | AT65: =IF(AR65="","",IFERROR(INDEX(Libraries!$B:$B,MATCH(AR65,Libraries!$A:$A,0)),"ID not found")) -> Swiss MIR soil spectral library
A66: Helfenstein A.; Baumann P.; Viscarra Rossel R.; Gubler A.; Oechslin S.; Six J. | B66: Quantifying soil carbon in temperate peatlands using a mid-IR soil spectral library | C66: 2021 | D66: 10.5194/soil-7-193-2021 | E66: Swiss soil spectral library | F66: National | G66: Switzerland | H66: Europe | I66: 4374 | J66: Peatlands | K66: Agricultural/Peatlands and Nature | L66: 0-20 cm (plus peat-specific depths) | M66: Uses the Swiss national MIR SSL (Baumann et al. 2021) extended to temperate peatland sites | N66: MIR | O66: ~2500-25000 (4000-400 cm-1) | P66: FTIR (DRIFTS) | Q66: Not specified in available sources | R66: Air-dried, ground, sieved | S66: Laboratory | T66: Soil/peat carbon content | U66: Dry combustion | V66: Not specified in available sources | W66: Not specified in available sources | X66: Cubist / memory-based prediction from mineral-dominated SSL | Y66: Cross-validation at new/independent peatland sites | Z66: Conditional prediction error <10 g/kg C (for <100 g/kg C) | AA66: Not specified in available sources | AB66: Site, land use, peat status | AC66: Restricted (national monitoring network) | AD66: Partial | AE66: Swiss NABO protocol | AF66: Applying mineral-soil-dominated national library to peatland prediction | AG66: Peatland/organic soil carbon quantification using a mainly mineral-soil library | AH66: Extrapolating a mineral-soil-dominated library to carbon-rich peat soils | AI66: Increase representation of organic/peat soils in the calibration library | AJ66: A soil spectral library built mostly from mineral soils could still predict carbon in temperate peatlands at new locations with reasonable accuracy, reducing the need for separate peat-specific calibration. | AK66: Yes | AL66: Yes | AM66: Yes | AO66: =IF(AN66<>"","Exclude (duplicate)",IF(OR(AK66="Check",AL66="Check",AM66="Check"),"Check",IF(AND(AK66="Yes",AL66="Yes",AM66="Yes"),"Include","Exclude"))) -> Include | AQ66: Uses | AR66: CH-MIR | AT66: =IF(AR66="","",IFERROR(INDEX(Libraries!$B:$B,MATCH(AR66,Libraries!$A:$A,0)),"ID not found")) -> Swiss MIR soil spectral library
A67: Miao T.; Ji W.; Li B.; Zhu X.; Yin J.; Yang J.; Huang Y.; Cao Y.; Yao D.; Kong X. | B67: Advanced Soil Organic Matter Prediction with a Regional Soil NIR Spectral Library Using Long Short-Term Memory–Convolutional Neural Networks: A Case Study | C67: 2024 | D67: 10.3390/rs16071256 | E67: Hebei soil spectral library (HSSL) | F67: Regional | G67: China | H67: Asia | I67: 440 | J67: Dry land, irrigated land, and paddy field soil | K67: Agricultural/Cropland | L67: Topsoil (0-20 cm) | M67: 425 samples, every 3 from dry land/irrigated land/paddy field across counties of Hebei Province | N67: NIR | O67: Not specified in available sources (NIR range) | P67: Not specified in available sources | Q67: Not specified in available sources | R67: Not specified in available sources | S67: Laboratory | T67: Soil organic matter (SOM) | U67: Standard SOM reference method | V67: Not specified in available sources | W67: Not specified in available sources | X67: LSTM-CNN (deep learning), compared against LSTM and local weighted regression (LWR) | Y67: Independent validation set | Z67: LSTM-CNN R2p=0.96, RMSEp=1.66 g/kg; LSTM R2p=0.83; LWR R2p=0.82, RMSEp=3.79 g/kg | AA67: Not specified in available sources | AB67: County, land use type | AC67: Restricted (regional HSSL) | AD67: Partial | AE67: Not specified in available sources | AF67: Not specified in available sources | AG67: Provincial-scale SOM prediction using deep learning on NIR spectra | AH67: High non-linearity in spectral data and spatial variation of soils complicating robust model development | AI67: Further application of deep learning (LSTM-CNN) architectures to other provincial/regional SSLs | AJ67: An LSTM-CNN deep learning model outperformed both LSTM-only and conventional local weighted regression for predicting soil organic matter using the 425-sample Hebei provincial NIR spectral library (R2p=0.96 vs 0.82 for LWR). | AK67: Yes | AL67: Yes | AM67: Yes | AO67: =IF(AN67<>"","Exclude (duplicate)",IF(OR(AK67="Check",AL67="Check",AM67="Check"),"Check",IF(AND(AK67="Yes",AL67="Yes",AM67="Yes"),"Include","Exclude"))) -> Include | AQ67: Uses | AR67: CN-HB | AT67: =IF(AR67="","",IFERROR(INDEX(Libraries!$B:$B,MATCH(AR67,Libraries!$A:$A,0)),"ID not found")) -> Hebei soil spectral library (HSSL)
A68: Aitkenhead M.J.; Black H.I.J. | B68: Exploring the Impact of Different Input Data Types on Soil Variable Estimation Using the ICRAF-ISRIC Global Soil Spectral Database | C68: 2018 | D68: 10.1177/0003702817739013 | E68: ICRAF-ISRIC (FAO Harmonised World Soil Database) | F68: Global | G68: NA | H68: NA | I68: 4437 | J68: Diverse/Global | K68: - | L68: Topsoil (global compilation) | M68: 4437 (~4440) spectra from soils across 58 countries (Africa, Asia, Europe, North America, South America) | N68: vis-NIR | O68: 350-2500 (typical vis-NIR range) | P68: ASD-type spectroradiometer (multiple contributing sources) | Q68: Not specified in available sources | R68: Air-dried, ground, sieved (per contributing lab protocols) | S68: Laboratory | T68: Major elements (Ca, Si, Al, Fe), organic carbon, cation exchange capacity, and other soil variables | U68: Standard reference methods per contributing labs | V68: Not specified in available sources | W68: Comparison of input data types (site data, spectra, RGB color, and combinations) | X68: Neural network / regression models comparing 5 input configurations: site only, Vis-NIR only, site+Vis-NIR, RGB only, site+RGB | Y68: Cross-validation across input-data configurations | Z68: Site+Vis-NIR performed best overall; site+RGB gave r2>0.7 for major elements (Ca, Si, Al, Fe), OC, and CEC despite lacking full spectra | AA68: Not specified in available sources | AB68: Site data (location/environmental covariates), country | AC68: Restricted (ICRAF-ISRIC global database) | AD68: Partial | AE68: Not specified in available sources | AF68: Not specified in available sources | AG68: Comparing the value of full spectroscopy vs simpler/cheaper inputs (site data, RGB photos) for global soil variable estimation | AH68: Full Vis-NIR spectroscopy is not always available/affordable; need to know when simpler proxies suffice | AI68: Use combined site+RGB color data as a low-cost alternative to full spectroscopy where only moderate accuracy is needed | AJ68: Using the ~4,440-sample global ICRAF-ISRIC database, combining site data with full Vis-NIR spectra gave the best soil variable estimates, but simple site+RGB color data alone achieved useful accuracy (r2>0.7) for major elements, organic carbon, and CEC, offering a low-cost alternative where full spectroscopy is unavailable. | AK68: Yes | AL68: Yes | AM68: Yes | AO68: =IF(AN68<>"","Exclude (duplicate)",IF(OR(AK68="Check",AL68="Check",AM68="Check"),"Check",IF(AND(AK68="Yes",AL68="Yes",AM68="Yes"),"Include","Exclude"))) -> Include | AQ68: Uses | AR68: GL-ICRAF-VNIR | AT68: =IF(AR68="","",IFERROR(INDEX(Libraries!$B:$B,MATCH(AR68,Libraries!$A:$A,0)),"ID not found")) -> ICRAF-ISRIC global vis-NIR library
A69: Demattê J.A.M.; Paiva A.F.D.S.; Poppiel R.R.; Rosin N.A.; Ruiz L.F.C.; Mello F.A.O.; Minasny B.; Grunwald S.; Ge Y.; Dor E.B.; Gholizadeh A.; Gomez C.; Chabrillat S.; Francos N.; Ayoubi S.; Fiantis D.; Biney J.K.M.; Wang C.; Belal A.; Naimi S.; Hafshejani N.A.; Bellinaso H.; Moura-bueno J.M.; Silvero N.E.Q. | B69: The Brazilian Soil Spectral Service (BraSpecS): A User-Friendly System for Global Soil Spectra Communication | C69: 2022 | D69: 10.3390/rs14030740 | E69: Brazilian Soil Spectral Service (BraSpecS) | F69: Global | G69: NA | H69: NA | I69: 49753 (vis-NIR-SWIR) / 4951 (MIR) | J69: Lixisols, Arenosols, Cambisols, Chernozems, Ferralsols, Fluvisols, Gleysols, Histosols, Leptosols, Luvisols, Nitisols, Planosols, Plinthosols, Podzols, Regosols, Solonetz, Vertisols | K69: Agriculture | AK69: Yes | AL69: Yes | AM69: Yes | AO69: =IF(AN69<>"","Exclude (duplicate)",IF(OR(AK69="Check",AL69="Check",AM69="Check"),"Check",IF(AND(AK69="Yes",AL69="Yes",AM69="Yes"),"Include","Exclude"))) -> Include | AQ69: Introduces | AR69: BR-BRASPECS | AT69: =IF(AR69="","",IFERROR(INDEX(Libraries!$B:$B,MATCH(AR69,Libraries!$A:$A,0)),"ID not found")) -> Brazilian Soil Spectral Service (BraSpecS)
A70: Mészáros J.; Kovács Z.; László P. et al. | B70: Vis-NIR soil spectral library of the Hungarian Soil Degradation Observation System | C70: 2025 | D70: 10.1038/s41597-025-04667-9 | E70: HSDO | F70: National | G70: Hungary | H70: Europe | I70: 5490 | J70: - | K70: Agricultural | L70: Multiple depths (soil profile depth recorded) | M70: 5490 legacy soil samples from the Hungarian Soil Degradation Observation System (HSDOS), spanning representative agricultural farm types | N70: vis-NIR | O70: 350-2500 | P70: ASD/Malvern Panalytical FieldSpec 4 spectroradiometer with contact probe | Q70: Standard FieldSpec 4 configuration; 10 white / 100 dark / 10 sample spectra per measurement | R70: Dried and sieved legacy samples (soil sample bank), revisited 2022-2023 | S70: Laboratory (contact probe, halogen light, 1h warm-up) | T70: pH(KCl), SOM, CaCO3, total salt content (TSC), total nitrogen (TN), soluble P (P2O5-AL), soluble K (K2O-AL), plasticity index (PLI), profile depth | U70: Standard Hungarian reference methods (per HSDOS protocols) | V70: Not specified in available sources | W70: None specified | X70: Dataset paper (provides library for future calibrated predictive models) | Y70: Not applicable (data descriptor) | Z70: Not applicable (data descriptor) | AA70: Standardized white/dark reference protocol; instrument warm-up stabilization | AB70: Soil profile depth, farm type/agricultural load, soil degradation type | AC70: Open (published on Zenodo) | AD70: High - openly published national library with full metadata, designed to complement continental/national/regional research | AE70: HSDOS soil survey protocol; standardized FieldSpec 4 laboratory configuration | AF70: Integration of legacy HSDOS survey data with new spectral analyses of archived samples | AG70: National-scale soil degradation monitoring and sustainable soil management for Hungarian agricultural soils | AH70: Filling the gap of a Vis-NIR SSL for Hungarian soils; leveraging legacy archived samples | AI70: Use the open library as a basis for calibrated predictive models at multiple spatial scales and as a complement to continental/national research | AJ70: The first comprehensive open Vis-NIR soil spectral library for Hungarian agricultural soils (5,490 legacy HSDOS samples, 350-2500 nm) provides paired spectra and nine measured soil parameters (pH, SOM, CaCO3, TN, P, K, etc.), published openly on Zenodo to support national soil degradation monitoring and future predictive modelling. | AK70: Yes | AL70: Yes | AM70: Yes | AO70: =IF(AN70<>"","Exclude (duplicate)",IF(OR(AK70="Check",AL70="Check",AM70="Check"),"Check",IF(AND(AK70="Yes",AL70="Yes",AM70="Yes"),"Include","Exclude"))) -> Include | AQ70: Introduces | AR70: HU-HSDOS | AT70: =IF(AR70="","",IFERROR(INDEX(Libraries!$B:$B,MATCH(AR70,Libraries!$A:$A,0)),"ID not found")) -> Hungarian vis-NIR library (HSDOS)
A71: Angelopoulou T.; Chabrillat S.; Pignatti S.; Milewski R.; Karyotis K.; Brell M.; Ruhtz T.; Bochtis D.; Zalidis G. | B71: Evaluation of Airborne HySpex and Spaceborne PRISMA Hyperspectral Remote Sensing Data for Soil Organic Matter and Carbonates Estimation | C71: 2023 | D71: 10.3390/rs15041106 | E71: - | F71: National | G71: Greece | H71: Europe | I71: 55 | J71: Clay-rich soils derived from tertiary/quaternary sediments and Triassic-Jurassic limestones | K71: Agricultural/Cropland and Mining | L71: Topsoil (surface, bare cropland) | M71: Extensive soil sampling over crop areas of Amyntaio, Northern Greece; in-situ reference data paired with imaging spectroscopy | N71: vis-NIR-SWIR (laboratory, airborne HySpex, spaceborne PRISMA) | O71: ~400-2500 (laboratory and imaging spectroscopy range) | P71: Laboratory spectrometer; airborne HySpex imaging spectrometer; spaceborne PRISMA hyperspectral satellite | Q71: PRISMA narrow hyperspectral bands (~230 bands); HySpex high spatial/spectral resolution | R71: Laboratory: air-dried, ground, sieved; imaging: bare-soil surface reflectance | S71: Laboratory, airborne, and spaceborne (in-situ validated) | T71: Soil organic matter (SOM), calcium carbonate (CaCO3) | U71: Standard reference methods for SOM and carbonates | V71: Six preprocessing methods evaluated to select best-fitting combination | W71: Preprocessing/algorithm evaluation | X71: Four machine learning algorithms compared (e.g. Cubist among best) | Y71: In-situ reference validation; sensor-level comparison (lab vs HySpex vs PRISMA) | Z71: PRISMA Cubist for SOC/SOM: R2=0.76, RMSE=2.06, RPD=1.22 (per later benchmarking); laboratory best, imaging sensors lower | AA71: In-situ referenced validation of imaging spectroscopy | AB71: Sensor type, location (Amyntaio), crop area | AC71: Restricted (available on request); PRISMA products (c)ASI | AD71: Partial | AE71: Not specified in available sources | AF71: Cross-comparison of laboratory, airborne, and spaceborne spectroscopy for the same properties | AG71: Large-scale mapping of SOM and calcium carbonates from spaceborne/airborne hyperspectral imagery | AH71: Calcium carbonate estimation understudied; imaging spectroscopy (PRISMA/HySpex) less accurate than laboratory spectroscopy | AI71: Exploit PRISMA narrow hyperspectral bands with optimal preprocessing/ML for operational SOM and carbonate mapping | AJ71: Comparing laboratory, airborne HySpex, and spaceborne PRISMA hyperspectral data over Amyntaio cropland in Northern Greece, the study showed laboratory spectroscopy gave the best SOM and calcium carbonate estimates, while PRISMA (with Cubist and optimized preprocessing) offered viable large-scale mapping, advancing the understudied topic of carbonate estimation. | AK71: Yes | AL71: Yes | AM71: No | AO71: =IF(AN71<>"","Exclude (duplicate)",IF(OR(AK71="Check",AL71="Check",AM71="Check"),"Check",IF(AND(AK71="Yes",AL71="Yes",AM71="Yes"),"Include","Exclude"))) -> Exclude | AP71: Single-site hyperspectral comparison (55 samples), no library | AQ71: — | AT71: =IF(AR71="","",IFERROR(INDEX(Libraries!$B:$B,MATCH(AR71,Libraries!$A:$A,0)),"ID not found"))
A72: Asrat T.G.; Breure T.; Sakrabani R.; Corstanje R.; Hassall K.L.; Hamma A.; Kebede F.; Haefele S.M. | B72: A Moroccan soil spectral library use framework for improving soil property prediction: Evaluating a geostatistical approach | C72: 2024 | D72: 10.1016/j.geoderma.2024.117116 | E72: Moroccan Soil Spectral Library (MSSL) | F72: Regional | G72: Morocco | H72: Africa | I72: 599 | J72: Calcic Kastanozems, Calcic Cambisols, Chromic Luvisols, Vertisols, Eutric Gleysols | K72: Agricultural | L72: Topsoil | M72: Large diverse Moroccan SSL with geostatistical (spatial autocorrelation) calibration sample selection | N72: vis-NIR (implied; not explicitly confirmed) | O72: Not specified in available sources | P72: Not specified in available sources | Q72: Not specified in available sources | R72: Not specified in available sources | S72: Laboratory | T72: Multiple soil properties (property-specific calibration) | U72: Not specified in available sources | V72: Not specified in available sources | W72: PCA scores used for spatial autocorrelation analysis | X72: Geostatistical calibration-sample-selection framework combined with predictive spectral models | Y72: Cross-validation; targeted validation of poorly-predicted samples | Z72: R2/RMSE (property-dependent) | AA72: Not specified in available sources | AB72: Spatial coordinates for geostatistical analysis | AC72: Restricted (MSSL) | AD72: Partial | AE72: Not specified in available sources | AF72: Spatial autocorrelation-guided calibration subset selection | AG72: Optimizing calibration sample selection for large/diverse SSL use | AH72: Costs/complexity of local calibration; poor prediction for spatially distinct/outlier samples | AI72: Use spatial autocorrelation of spectral PC scores to strategically select calibration samples rather than random selection | AJ72: A geostatistical framework using spatial autocorrelation of spectral PC scores to guide calibration sample selection improved prediction accuracy for otherwise poorly-predicted samples within the large, diverse Moroccan SSL. | AK72: Yes | AL72: Yes | AM72: Yes | AO72: =IF(AN72<>"","Exclude (duplicate)",IF(OR(AK72="Check",AL72="Check",AM72="Check"),"Check",IF(AND(AK72="Yes",AL72="Yes",AM72="Yes"),"Include","Exclude"))) -> Include | AQ72: Uses | AR72: MA-MSSL | AT72: =IF(AR72="","",IFERROR(INDEX(Libraries!$B:$B,MATCH(AR72,Libraries!$A:$A,0)),"ID not found")) -> Moroccan Soil Spectral Library (MSSL)
A73: Retta A.N.; Kebede F.; Haile M.; Gebresamuel G.; Zenebe A.; Girmay G. | B73: Assessing the spatial variability of soil properties in the semiarid areas of Hintalo Wejerat District, Tigray region, Ethiopia | C73: 2025 | D73: 10.1007/s43621-025-01006-1 | E73: - | F73: Regional | G73: Ethiopia | H73: Africa | I73: 60 | J73: Eutric Cambisols, Chromic Vertisols, Chromic Cambisols | K73: Agricultural/Cropland | L73: 0-15 and 15-30 cm | M73: 60 composite samples from 10 land mapping units (LMUs) delineated by geology, soil type, slope, management | N73: Not applicable - this study uses conventional wet-chemistry/geostatistics, not spectroscopy | O73: Not applicable | P73: Not applicable (standard wet-chemistry lab equipment) | Q73: Not applicable | R73: Air-dried, crushed, sieved (2 mm) | S73: Laboratory (conventional analysis) | T73: pH, organic matter, total nitrogen, available phosphorus, exchangeable K, available Fe/Zn | U73: Standard soil chemical analysis methods | V73: Not applicable | W73: Inverse Distance Weighting (IDW) interpolation; nutrient indexing | X73: Geostatistical interpolation (IDW), descriptive/nutrient index analysis | Y73: Not specified in available sources | Z73: Nutrient index values reported per property | AA73: Not specified in available sources | AB73: Land mapping unit, geology, slope, management | AC73: Not specified in available sources | AD73: Not specified in available sources | AE73: Not applicable | AF73: Not applicable | AG73: Soil fertility status mapping and nutrient indexing for site-specific management | AH73: High cost and environmental impact of conventional wet chemistry for soil variability assessment | AI73: Authors explicitly recommend future studies adopt soil spectroscopy and geostatistical models to reduce cost/pollution of wet chemistry | AJ73: This is a conventional (non-spectroscopic) soil geostatistical study finding low soil fertility (low OM, N, P) across a semiarid Tigray watershed; notably, the authors recommend that future work use soil spectroscopy combined with geostatistics as a lower-cost, less polluting alternative to wet chemistry. | AK73: Yes | AL73: No | AM73: No | AO73: =IF(AN73<>"","Exclude (duplicate)",IF(OR(AK73="Check",AL73="Check",AM73="Check"),"Check",IF(AND(AK73="Yes",AL73="Yes",AM73="Yes"),"Include","Exclude"))) -> Exclude | AP73: Not spectroscopy (wet chemistry + geostatistics) | AQ73: — | AT73: =IF(AR73="","",IFERROR(INDEX(Libraries!$B:$B,MATCH(AR73,Libraries!$A:$A,0)),"ID not found"))
A74: Yang H.; Li J. | B74: Predictions of soil organic carbon using laboratory-based hyperspectral data in the northern Tianshan mountains, China | C74: 2013 | D74: 10.1007/s10661-012-2838-z | E74: - | F74: Local | G74: Xinjiang, China | H74: Asia | I74: 60 | J74: Pasture soils | K74: Agricultural/Pasture | AK74: Yes | AL74: Yes | AM74: No | AO74: =IF(AN74<>"","Exclude (duplicate)",IF(OR(AK74="Check",AL74="Check",AM74="Check"),"Check",IF(AND(AK74="Yes",AL74="Yes",AM74="Yes"),"Include","Exclude"))) -> Exclude | AP74: Local calibration study (60 samples), no library | AQ74: — | AT74: =IF(AR74="","",IFERROR(INDEX(Libraries!$B:$B,MATCH(AR74,Libraries!$A:$A,0)),"ID not found"))
A75: Shrestha G.; Calvelo-Pereira R.; Roudier P.; Kereszturi G.; Jeyakumar P.; Martin A.P.; Turnbull R.E.; Anderson C.W.N. | B75: Rapid analysis of farm-scale soil cadmium concentrations using a regional soil spectral library | C75: 2026 | D75: 10.1016/j.geodrs.2026.e01063 | E75: RSSL | F75: Regional | G75: Otago and Southland, New Zealand | H75: Oceania | I75: 625 | J75: Allophanic and Pumice soil orders | K75: Agricultural/Pasture | AK75: Yes | AL75: Yes | AM75: Yes | AO75: =IF(AN75<>"","Exclude (duplicate)",IF(OR(AK75="Check",AL75="Check",AM75="Check"),"Check",IF(AND(AK75="Yes",AL75="Yes",AM75="Yes"),"Include","Exclude"))) -> Include | AQ75: Uses | AR75: NZ-OTAGO | AT75: =IF(AR75="","",IFERROR(INDEX(Libraries!$B:$B,MATCH(AR75,Libraries!$A:$A,0)),"ID not found")) -> Otago & Southland regional SSL
A76: Omondiagbe O.P.; Roudier P.; Lilburne L.; Ma Y.; McNeill S. | B76: Quantifying uncertainty in the prediction of soil properties using mid-infrared spectra | C76: 2024 | D76: 10.1016/j.geoderma.2024.116954 | E76: - | F76: National | G76: New Zealand | H76: Oceania | I76: 6468 | J76: Allophanic and Recent soils (Andisols, Entisols, Inceptisols) | K76: Agricultural | AK76: Yes | AL76: Yes | AM76: Yes | AO76: =IF(AN76<>"","Exclude (duplicate)",IF(OR(AK76="Check",AL76="Check",AM76="Check"),"Check",IF(AND(AK76="Yes",AL76="Yes",AM76="Yes"),"Include","Exclude"))) -> Include | AQ76: Uses | AR76: NZ-SSL | AT76: =IF(AR76="","",IFERROR(INDEX(Libraries!$B:$B,MATCH(AR76,Libraries!$A:$A,0)),"ID not found")) -> New Zealand soil spectral library
A77: Beckstrom T.B.; Bunnell A.; Maaz T.M.; Kantar M.B.; Deenik J.L.; Tallamy Glazer C.; Sadowski P.; Crow S.E. | B77: Mid-infrared spectroscopy and machine learning improve accessibility of Hawaiʻi soil health assessment | C77: 2025 | D77: 10.1002/saj2.70081 | E77: Hawaiʻi soil health assessment spectral library | F77: Regional | G77: Hawaiʻi, USA | H77: Oceania | I77: 655 | J77: Mollisols, Vertisols, Entisols, Ultisols, Oxisols, Andisols, Aridisols, Histosols, Inceptisols | K77: Forests, Agroforests, Agricultural/Cropland/Pastures | AK77: Yes | AL77: Yes | AM77: Yes | AO77: =IF(AN77<>"","Exclude (duplicate)",IF(OR(AK77="Check",AL77="Check",AM77="Check"),"Check",IF(AND(AK77="Yes",AL77="Yes",AM77="Yes"),"Include","Exclude"))) -> Include | AQ77: Introduces | AR77: US-HI | AT77: =IF(AR77="","",IFERROR(INDEX(Libraries!$B:$B,MATCH(AR77,Libraries!$A:$A,0)),"ID not found")) -> Hawaiʻi soil health MIR library
A78: Ben Dor E.; Efrati B.; Amir O.; Francos N.; Shepherd J.; Khosravi V.; Gholizadeh A.; Klement A.; Borůvka L. | B78: A standard and protocol for in-situ measurement of surface soil reflectance | C78: 2024 | D78: 10.1016/j.geoderma.2024.116920 | E78: - | F78: Global | G78: Israel, Australia, Czech Republic | H78: Europe, Oceania, Asia | I78: 7 | J78: Psamments, Quartzipsamments, Torrifluvent, Haplargid, Rhodoxeralf, Xerorthents (plus quartz sand standard) | K78: Diverse/Arid | L78: Surface (in-situ) | M78: Small reference sample set including a quartz sand standard across Israel, Australia, Czech Republic | N78: vis-NIR-SWIR | O78: 350-2500 | P78: Field/portable spectroradiometer | Q78: Not specified in available sources | R78: Undisturbed in-situ surface (no lab prep) | S78: Field, in-situ, standardized geometry/illumination protocol | T78: Surface reflectance quality/consistency (not a specific chemical property) | U78: Not applicable (in-situ measurement standard) | V78: Not specified in available sources | W78: None specified | X78: Not applicable (protocol/standard paper, not a prediction model) | Y78: Comparison to laboratory-grade precision benchmark | Z78: Achieved laboratory-grade precision in the field while minimizing systematic discrepancies | AA78: Internal Soil Standard (ISS)/Lucky Bay reference; standardized field geometry | AB78: Site, instrument, geometry settings | AC78: Not specified in available sources | AD78: Supports future IEEE P4005 standard | AE78: New in-situ standard and protocol (builds on Ben Dor et al. 2015 lab protocol); feeds IEEE P4005 working group | AF78: Standard protocol intended to align field measurements with laboratory-grade reflectance | AG78: Standardizing in-situ/field surface soil reflectance measurement across instruments and sites | AH78: Field conditions (illumination, geometry, surface roughness) introduce systematic discrepancies vs lab measurement | AI78: Adoption of the protocol ahead of a formal ISO/IEEE P4005 standard for field spectral measurement | AJ78: Proposes and tests a new standard/protocol for in-situ surface soil reflectance measurement across three countries and soil types, achieving laboratory-grade precision under field conditions and informing the forthcoming IEEE P4005 standard. | AK78: Yes | AL78: Yes | AM78: No | AO78: =IF(AN78<>"","Exclude (duplicate)",IF(OR(AK78="Check",AL78="Check",AM78="Check"),"Check",IF(AND(AK78="Yes",AL78="Yes",AM78="Yes"),"Include","Exclude"))) -> Exclude | AP78: Standard/protocol paper (7 samples), no library | AQ78: — | AT78: =IF(AR78="","",IFERROR(INDEX(Libraries!$B:$B,MATCH(AR78,Libraries!$A:$A,0)),"ID not found"))
A79: Safanelli J.L.; Sanderman J.; Bloom D.; Todd-Brown K.; Parente L.L.; Hengl T.; et al. | B79: An interlaboratory comparison of mid-infrared spectra acquisition: Instruments and procedures matter | C79: 2023 | D79: 10.1016/j.geoderma.2023.116724 | E79: USDA NSSC-KSSL MIR library | F79: Global | G79: NA | H79: NA | I79: 70 | J79: Diverse/Global | K79: - | L79: Not specified in available sources | M79: Ring-trial experiment: 70 identical samples circulated across many international MIR labs/instruments | N79: MIR | O79: Standard MIR range (~2500-15000 nm / 4000-600 cm-1) | P79: Multiple different MIR (FTIR) instruments across ~40+ participating labs worldwide | Q79: Varies by participating instrument | R79: Standardized common samples sent to each lab | S79: Laboratory (multiple labs, ring trial) | T79: Multiple soil properties used to test shared/internal model performance | U79: Not specified in available sources | V79: Regular preprocessing (SNV, derivatives) and spectral standardization treatments compared | W79: None specified | X79: Multiple modelling algorithms tested against internal vs shared (cross-instrument) calibration | Y79: Ring-trial internal and shared/cross-instrument validation | Z79: Instrument dissimilarity metrics; internal vs shared model R2/RMSE comparison | AA79: Systematic ring-trial design to quantify lab-to-lab and instrument-to-instrument variability | AB79: Instrument type, lab/operator, standard operating procedure used | AC79: Feeds into OSSL and related open data infrastructure | AD79: High - supports development of harmonization/standardization protocols across the global MIR community | AE79: Comparative testing of preprocessing and spectral standardization methods for cross-instrument compatibility | AF79: Ring-trial-based quantification of instrument dissimilarity to inform standardization/transfer approaches | AG79: Assessing and improving interoperability of MIR soil spectral libraries across labs/instruments | AH79: Distinct instrument characteristics and operating procedures hamper integration and interoperability of MIR SSLs worldwide | AI79: Adopt standardized operating procedures and spectral standardization methods to enable reliable cross-lab, cross-instrument model sharing | AJ79: A large international ring trial found that MIR instruments give good predictions when calibrated with their own standard operating procedures, but instrument and procedural differences substantially hamper direct sharing of models and spectra across labs, underscoring the need for standardization. | AK79: Yes | AL79: Yes | AM79: Yes | AO79: =IF(AN79<>"","Exclude (duplicate)",IF(OR(AK79="Check",AL79="Check",AM79="Check"),"Check",IF(AND(AK79="Yes",AL79="Yes",AM79="Yes"),"Include","Exclude"))) -> Include | AQ79: Methods for | AR79: US-KSSL-MIR | AT79: =IF(AR79="","",IFERROR(INDEX(Libraries!$B:$B,MATCH(AR79,Libraries!$A:$A,0)),"ID not found")) -> USDA NSSC-KSSL MIR library
A80: Chabrillat S.; Gholizadeh A.; Neumann C.; Berger D.; Milewski R.; Ogen Y.; Ben-Dor E. | B80: Preparing a soil spectral library using the Internal Soil Standard (ISS) method: Influence of extreme different humidity laboratory conditions | C80: 2019 | D80: 10.1016/j.geoderma.2019.07.013 | E80: - | F80: National | G80: Israel | H80: Asia | I80: 71 | J80: Hamra, Loessial soils, Rendzina, Terra Rosa, Sand Dunes | K80: Agricultural and Nature | AK80: Yes | AL80: Yes | AM80: No | AO80: =IF(AN80<>"","Exclude (duplicate)",IF(OR(AK80="Check",AL80="Check",AM80="Check"),"Check",IF(AND(AK80="Yes",AL80="Yes",AM80="Yes"),"Include","Exclude"))) -> Exclude | AP80: Method study (71 samples), no identifiable library | AQ80: — | AT80: =IF(AR80="","",IFERROR(INDEX(Libraries!$B:$B,MATCH(AR80,Libraries!$A:$A,0)),"ID not found"))
A81: Gamagedara Y.; Wijewardane N.K.; Feng G.; Seybold C.; Williams M.; Tagert M.L.; Martins V.S. | B81: Can we use a mid-infrared fine-ground soil spectral library to predict non-fine-ground spectra? | C81: 2024 | D81: 10.1016/j.geoderma.2024.116799 | E81: USDA NSSC-KSSL MIR library | F81: Global | G81: USA | H81: North America | I81: 72224 | J81: Conterminous USA mineral and organic soil | K81: Diverse/International | L81: Multiple horizons (O, A, B, C, E) | M81: Stratified subset (~519 samples, 3% per stratum) from KSSL by major horizon and taxonomic order (Andisols, Entisols, Mollisols, Alfisols, Inceptisols, Ultisols, Aridisols, Spodosols, Vertisols, Histosols, Gelisols), rescanned without fine-grinding | N81: MIR | O81: Standard MIR range (~2500-15000 nm / 4000-600 cm-1) | P81: Bench-top FTIR (NSSC-KSSL, Lincoln, Nebraska) | Q81: Not specified in available sources | R81: Air-dried (30-35 C), 2 mm sieved (non-fine-ground) vs <180 micron fine-ground (Fritsch grinder) comparison | S81: Laboratory | T81: Total carbon (TC), organic carbon (OC), total nitrogen (TN), CEC, pH, clay, sand, silt | U81: Standard KSSL reference methods | V81: Calibration transfer techniques: Direct Standardization (DS), Slope/Bias (SB), External Parameter Orthogonalization (EPO), spiking | W81: None specified | X81: PLSR with calibration transfer (spiking with extra weight found to outperform other techniques) | Y81: Independent validation using held-out study dataset | Z81: R2/RMSE (property-dependent); spiking-with-extra-weight gave best correction of fine-ground-to-non-fine-ground prediction | AA81: Not specified in available sources | AB81: Horizon, taxonomic order, grinding treatment | AC81: Restricted (subset of USDA NSSC-KSSL archive) | AD81: Partial | AE81: Calibration transfer protocol comparison (DS, SB, EPO, spiking) | AF81: Spiking fine-ground library models with non-fine-ground samples (extra weighting) to correct for grinding-induced spectral differences | AG81: Enabling use of an existing large fine-ground MIR library to predict properties from less-processed (non-fine-ground) samples, reducing cost/time | AH81: Fine-grinding is expensive/time-consuming, but omitting it alters spectral features and degrades prediction accuracy without correction | AI81: Use spiking-based calibration transfer (with extra sample weighting) to adapt fine-ground libraries for coarser-processed samples | AJ81: Testing several calibration-transfer methods on a stratified 519-sample subset of the 72,000+ sample KSSL MIR library, the study found that spiking the fine-ground calibration with extra-weighted non-fine-ground samples best corrected predictions, offering a way to leverage existing fine-ground libraries without requiring fine-grinding of new samples. | AK81: Yes | AL81: Yes | AM81: Yes | AO81: =IF(AN81<>"","Exclude (duplicate)",IF(OR(AK81="Check",AL81="Check",AM81="Check"),"Check",IF(AND(AK81="Yes",AL81="Yes",AM81="Yes"),"Include","Exclude"))) -> Include | AQ81: Methods for | AR81: US-KSSL-MIR | AT81: =IF(AR81="","",IFERROR(INDEX(Libraries!$B:$B,MATCH(AR81,Libraries!$A:$A,0)),"ID not found")) -> USDA NSSC-KSSL MIR library
A82: Wang Z.; Chen S.; Lu R.; Zhang X.; Ma Y.; Shi Z. | B82: Non-linear memory-based learning for predicting soil properties using a regional vis-NIR spectral library | C82: 2024 | D82: 10.1016/j.geoderma.2023.116752 | E82: Lateritic Red soil spectral library (LRSSL) | F82: Regional | G82: China | H82: Asia | I82: 742 | J82: Lateritic Red soils | K82: Forest, Agricultural, Urban/Technogenic | AK82: Yes | AL82: Yes | AM82: Yes | AO82: =IF(AN82<>"","Exclude (duplicate)",IF(OR(AK82="Check",AL82="Check",AM82="Check"),"Check",IF(AND(AK82="Yes",AL82="Yes",AM82="Yes"),"Include","Exclude"))) -> Include | AQ82: Uses | AR82: CN-LR | AT82: =IF(AR82="","",IFERROR(INDEX(Libraries!$B:$B,MATCH(AR82,Libraries!$A:$A,0)),"ID not found")) -> Lateritic red soil spectral library (LRSSL)
A83: Shepherd K.D.; Ferguson R.; Hoover D.; van Egmond F.; Sanderman J.; Ge Y. | B83: A global soil spectral calibration library and estimation service | C83: 2022 | D83: 10.1016/j.soisec.2022.100061 | E83: KSSL | F83: Global | G83: USA | H83: North America | I83: 83876 | J83: Alfisols, Andisols, Aridisols, Entisols, Gelisols, Histosols, Inceptisols, Mollisols, Oxisols, Spodosols, Ultisols, Vertisols | K83: Diverse/Global | L83: Topsoil (variable, archived profile samples) | M83: Compiled from existing KSSL soil archive; diverse, spatially extensive US samples | N83: MIR (mid-infrared) | O83: ~2500-25000 (4000-600 cm-1) | P83: KSSL bench-top FTIR spectrometer (gold-standard central lab) | Q83: Standard KSSL SOP resolution (not specified in detail) | R83: Air-dried, ground, sieved <2mm (KSSL SOP) | S83: Laboratory, central reference lab, controlled | T83: Wide range of soil properties per KSSL characterization methods | U83: USDA-NRCS KSSL standard methods | V83: Not detailed in source | W83: None specified | X83: Memory-based learning (MBL) calibration on KSSL MIR library | Y83: 20% hold-out validation set | Z83: R2 reported for hold-out validation (varies by property) | AA83: Central gold-standard lab reduces inter-lab variability; outlier addition improves calibration | AB83: Sample provenance, soil taxonomy, location | AC83: Open/service-based (estimation service, spectra uploadable) | AD83: Partial - supported by GLOSOLAN standards | AE83: GLOSOLAN Standard Operating Procedures (SOPs) | AF83: Central lab standard + continuous outlier-based recalibration | AG83: Global soil property estimation service; soil security monitoring | AH83: Variation in analytical methods/procedures across labs; poor inter-lab reproducibility; lack of physical soil archives | AI83: Expand global sample diversity; strengthen GLOSOLAN network dissemination and capacity building | AJ83: Proposes a centralized, freely available global MIR calibration library/estimation service built on the KSSL archive, aiming to overcome cost/complexity barriers to soil spectroscopy adoption, especially in developing countries. | AK83: Yes | AL83: Yes | AM83: Yes | AO83: =IF(AN83<>"","Exclude (duplicate)",IF(OR(AK83="Check",AL83="Check",AM83="Check"),"Check",IF(AND(AK83="Yes",AL83="Yes",AM83="Yes"),"Include","Exclude"))) -> Include | AQ83: Extends / updates | AR83: US-KSSL-MIR | AT83: =IF(AR83="","",IFERROR(INDEX(Libraries!$B:$B,MATCH(AR83,Libraries!$A:$A,0)),"ID not found")) -> USDA NSSC-KSSL MIR library
A84: Lamine S.; Petropoulos G.P.; Brewer P.A.; Bachari N.-E.-I.; Srivastava P.K.; Manevski K.; Kalaitzidis C.; Macklin M.G. | B84: Heavy metal soil contamination detection using combined geochemistry and field spectroradiometry in the United Kingdom | C84: 2019 | D84: 10.3390/s19040762 | E84: Bow Street HMSC libraries | F84: Local | G84: UK | H84: Europe | I84: 85 | J84: Heavy metal contaminated soils | K84: Agricultural/Pasture | L84: Surface (floodplain contaminated soils) | M84: 85 soil samples from a highly contaminated floodplain site in Wales, United Kingdom; field- and lab-based spectral libraries built | N84: vis-NIR-SWIR | O84: 350-2500 | P84: ASD FieldSpec 3 spectroradiometer (field and laboratory) | Q84: Not specified in available sources | R84: Field: in-situ; Laboratory: dried/prepared samples | S84: Both field and laboratory (two separate spectral libraries) | T84: Heavy metals: lead (Pb), zinc (Zn), copper (Cu), cadmium (Cd) | U84: Atomic absorption spectrometry (AAS) for Pb, Zn, Cu, Cd | V84: Identification of specific spectral regions associated with HMSC modelling | W84: Selection of specific spectral regions correlated with heavy metal concentrations | X84: Stepwise multiple linear regression (8 heavy metal prediction models, HMPMs) | Y84: Model development and validation for the four contaminants | Z84: Reasonable accuracy for retrieving heavy metal concentrations from reflectance; specific spectral features discriminated contamination levels | AA84: Paired field vs laboratory spectral libraries for cross-checking | AB84: Field location (Welsh floodplain), sample geochemistry | AC84: Restricted (UK floodplain study dataset) | AD84: Partial | AE84: Not specified in available sources | AF84: Combining field and laboratory spectral libraries with geochemical data | AG84: Mapping and quantifying heavy metal soil contamination over large areas via spaceborne hyperspectral sensors | AH84: Indirect spectral response of heavy metals (via correlation with spectrally active soil constituents); transferring field/lab models to imagery | AI84: Scale field/lab-derived HMPMs to spaceborne hyperspectral sensors for large-area heavy metal mapping | AJ84: Combining field- and laboratory-based vis-NIR-SWIR spectral libraries (85 samples, ASD FieldSpec 3) with geochemical data enabled prediction of Pb, Zn, Cu, and Cd contamination in a Welsh floodplain via stepwise multiple linear regression, demonstrating for the first time the feasibility of quantifying heavy metal contamination at such a site and a basis for scaling to spaceborne hyperspectral mapping. | AK84: Yes | AL84: Yes | AM84: No | AO84: =IF(AN84<>"","Exclude (duplicate)",IF(OR(AK84="Check",AL84="Check",AM84="Check"),"Check",IF(AND(AK84="Yes",AL84="Yes",AM84="Yes"),"Include","Exclude"))) -> Exclude | AP84: Single-floodplain contamination study (85 samples), no library | AQ84: — | AT84: =IF(AR84="","",IFERROR(INDEX(Libraries!$B:$B,MATCH(AR84,Libraries!$A:$A,0)),"ID not found"))
A85: Long M.; Yue T.; Xu Z.; Guo J.; Luo J.; Guo X.; Zhao X. | B85: Improved Soil Organic Carbon Prediction in a Forest Area by Near-Infrared Spectroscopy: Spiking of a Soil Spectral Library | C85: 2023 | D85: 10.3390/f14010118 | E85: ICRAF/Wugong Mountain SSL | F85: Local | G85: China | H85: Asia | I85: 89 | J85: Organic forest soils | K85: Forest | L85: Forest soils (Wugong Mountain vertical zonation) | M85: Local SSL of 89 samples from Wugong Mountain, Jiangxi Province, China; global SSL of 3122 ICRAF samples (from 4437 across 58 countries) used as spiking basis | N85: NIR (vis-NIR) | O85: 350-2500 (typical ICRAF/vis-NIR range) | P85: vis-NIR spectrometer | Q85: Not specified in available sources | R85: Air-dried, ground, sieved | S85: Laboratory | T85: Soil organic carbon (SOC) | U85: Walkley-Black method (SOC), per ICRAF-ISRIC protocol | V85: Not specified in available sources | W85: Selecting top-N global-SSL samples most spectrally similar to each local sample | X85: PLSR with three spiking strategies (global-SSL spiked with local samples vs local-SSL) | Y85: Cross-validation comparing spiking strategies | Z85: Best local-based: R2=0.90, RMSE=7.19, RPD=3.38; fewer-local-sample strategy: R2=0.83, RMSE=8.71, RPD=2.68 | AA85: Not specified in available sources | AB85: Elevation/vertical zonation, forest type, location | AC85: Global-SSL open (ICRAF/ISRIC); local-SSL restricted | AD85: Partial | AE85: Not specified in available sources | AF85: Spiking a global spectral library with local samples; similarity-based calibration subset selection | AG85: Improving local SOC prediction in a forest area using a global library plus few local samples | AH85: Global-SSL spiked with local samples did not necessarily outperform purely local models; reducing costly local sampling | AI85: Select top-N most spectrally similar global samples per local sample plus a local spiking set to improve prediction from fewer local calibration samples | AJ85: In Wugong Mountain forest (Jiangxi, China), a strategy selecting the most spectrally similar samples from a global ICRAF library (3,122 samples) combined with local spiking improved SOC prediction (R2=0.90, RPD=3.38) and enabled quantitative prediction from fewer local samples, though naive global-library spiking did not always beat purely local models. | AK85: Yes | AL85: Yes | AM85: Yes | AO85: =IF(AN85<>"","Exclude (duplicate)",IF(OR(AK85="Check",AL85="Check",AM85="Check"),"Check",IF(AND(AK85="Yes",AL85="Yes",AM85="Yes"),"Include","Exclude"))) -> Include | AQ85: Uses | AR85: GL-ICRAF-VNIR | AT85: =IF(AR85="","",IFERROR(INDEX(Libraries!$B:$B,MATCH(AR85,Libraries!$A:$A,0)),"ID not found")) -> ICRAF-ISRIC global vis-NIR library
A86: Fonseca A.A.D.; Pasquini C.; Fonseca G.F.; Soares E.M.B.; Hespanhol M.C. | B86: Building a spectral soil library in a soil routine analysis laboratory to determine soil organic carbon using compact near-infrared spectrophotometers: Performance of global and local models | C86: 2026 | D86: 10.1016/j.saa.2025.126707 | E86: NeoSpectra-built library | F86: Regional | G86: Brazil | H86: South America | I86: 9000+ | J86: Tropical soil samples | K86: Agricultural | L86: Not specified in available sources | M86: 9000+ samples from a commercial routine soil analysis laboratory; 1000 randomly selected for independent validation (repeated 3x) | N86: NIR (combination band region) | O86: NIR range (NeoSpectra ~1350-2550 nm; NanoNIR comparable compact range) | P86: NeoSpectra and NanoNIR compact/portable NIR spectrophotometers | Q86: Not specified in available sources | R86: Dried and ground (routine commercial lab prep) | S86: Laboratory (routine commercial soil analysis lab) | T86: Soil organic carbon (SOC) | U86: Standard routine SOC reference method | V86: Not specified in available sources | W86: Mahalanobis distance-based sample selection for local modelling (L-PLSRdist) | X86: PLSR, Global-PLSR (G-PLSR), Local-PLSR by nearest neighbors (L-PLSRn), Local-PLSR by Mahalanobis distance (L-PLSRdist) | Y86: Independent validation (1000 random samples), repeated 3 times | Z86: NeoSpectra: RMSEP=9.2 g/kg, R2=0.6 (G-PLSR); RMSEP=6.5 g/kg, R2=0.7 (L-PLSRn); NanoNIR slightly lower accuracy | AA86: Not specified in available sources | AB86: Instrument type, modelling strategy used | AC86: Restricted (commercial lab-built library) | AD86: Partial | AE86: Not specified in available sources | AF86: Not specified in available sources | AG86: Low-cost, rapid, non-destructive SOC determination in routine commercial soil-testing laboratories | AH86: Building an in-house spectral library is resource-intensive but necessary; compact instruments have lower resolution than bench-top FTIR | AI86: Build and maintain an in-house spectral library as the best route to introducing compact NIR instruments in routine SOC determination; use local modelling (L-PLSR) over global models | AJ86: Across more than 9,000 samples, compact NeoSpectra NIR spectrophotometers combined with local PLSR modelling (nearest-neighbor selection) gave the best SOC prediction accuracy (RMSEP=6.5 g/kg, R2=0.7) in a commercial routine soil-testing laboratory, outperforming global models and the NanoNIR instrument. | AK86: Yes | AL86: Yes | AM86: Yes | AO86: =IF(AN86<>"","Exclude (duplicate)",IF(OR(AK86="Check",AL86="Check",AM86="Check"),"Check",IF(AND(AK86="Yes",AL86="Yes",AM86="Yes"),"Include","Exclude"))) -> Include | AQ86: Introduces | AR86: BR-NEOSPEC | AT86: =IF(AR86="","",IFERROR(INDEX(Libraries!$B:$B,MATCH(AR86,Libraries!$A:$A,0)),"ID not found")) -> Routine-laboratory NeoSpectra NIR library (Brazil)
A87: Shepherd J.E.; Kanner O.; Amir O.; Efrati B.; Ben-Dor E. | B87: Long-term stability of soil spectral libraries with chemical and spectral insights | C87: 2025 | D87: 10.1038/s41598-025-93792-x | E87: - | F87: National | G87: Israel | H87: Asia | I87: 91 | J87: Mediterranean climate soils | K87: Agricultural | AK87: Yes | AL87: Yes | AM87: Yes | AO87: =IF(AN87<>"","Exclude (duplicate)",IF(OR(AK87="Check",AL87="Check",AM87="Check"),"Check",IF(AND(AK87="Yes",AL87="Yes",AM87="Yes"),"Include","Exclude"))) -> Include | AP87: Assumed archived TAU library – check | AQ87: Methods for | AR87: IL-TAU | AT87: =IF(AR87="","",IFERROR(INDEX(Libraries!$B:$B,MATCH(AR87,Libraries!$A:$A,0)),"ID not found")) -> Tel Aviv University legacy soil spectral library
A88: Erebara A.; Kopali A.; Shallari S.; Iorio E.D.; Manzo A.; Longobardi E.; Napoletano P.; Marco A.D.; Colombo C. | B88: Pedological features affecting carbon accumulation in submerged-soils sequence assessed with Vis-NIR spectroscopy in a coastal wetland in Albania | C88: 2025 | D88: 10.1016/j.catena.2025.109187 | E88: - | F88: Local | G88: Albania | H88: Europe | I88: 94 | J88: Tidalic Gleysols, Gleyic Fluvisols, Gleyic Arenosols, Calcic Gleysols | K88: Wetlands/Lagoon and Forest | AK88: Yes | AL88: Yes | AM88: No | AO88: =IF(AN88<>"","Exclude (duplicate)",IF(OR(AK88="Check",AL88="Check",AM88="Check"),"Check",IF(AND(AK88="Yes",AL88="Yes",AM88="Yes"),"Include","Exclude"))) -> Exclude | AP88: Local wetland study (94 samples), no library | AQ88: — | AT88: =IF(AR88="","",IFERROR(INDEX(Libraries!$B:$B,MATCH(AR88,Libraries!$A:$A,0)),"ID not found"))
A89: Kock A.-L.; Ramphisa-Nghondzweni P.D.; Van Zijl G. | B89: Development of soil spectroscopy models for the Western Highveld region, South Africa: Why do we need local data? | C89: 2024 | D89: 10.1111/ejss.70014 | E89: Western Highveld region South Africa SSL | F89: Regional | G89: South Africa | H89: Africa | I89: 979 | J89: Red and yellow redoximorfic, plintic, black or red clays, shallow soils, rock outcrops, alluvial soils | K89: Agricultural/Cropland | L89: Not specified in available sources | M89: 979 soil samples from South Africa's Western Highveld region, locally calibrated | N89: MIR | O89: Standard MIR range (not further specified in available sources) | P89: Bench-top FTIR (MIR) | Q89: Not specified in available sources | R89: Air-dried, ground, sieved | S89: Laboratory | T89: pH, phosphorus (P), exchangeable cations | U89: Standard South African soil fertility reference methods | V89: Not specified in available sources | W89: None specified | X89: Cubist, PLSR, Random Forest (RF); subset also tested against Open Soil Spectral Library (OSSL) global models | Y89: Independent validation set | Z89: Locally calibrated models outperformed OSSL; OSSL predictions were inaccurate (RPIQ<1) and consistently underpredicted all properties | AA89: Not specified in available sources | AB89: Location within Western Highveld, sample coordinates | AC89: Restricted (regional South African SSL) | AD89: Partial | AE89: Not specified in available sources | AF89: Tested transferability of global OSSL models to an underrepresented region (South Africa) | AG89: Local MIR-based prediction of soil fertility properties (pH, P, exchangeable cations) for precision agriculture | AH89: Global spectral libraries (e.g. OSSL) are geographically biased and underrepresent South Africa, causing poor global-model transfer (RPIQ<1, systematic underprediction) | AI89: Prioritize collection of local/regional training data in underrepresented regions rather than relying solely on global spectral libraries | AJ89: Locally calibrated MIR models (Cubist, PLSR, RF) for South Africa's Western Highveld substantially outperformed the global Open Soil Spectral Library (OSSL), which underpredicted all tested properties (RPIQ<1), demonstrating that geographic underrepresentation in global libraries limits their applicability in data-sparse regions like South Africa. | AK89: Yes | AL89: Yes | AM89: Yes | AO89: =IF(AN89<>"","Exclude (duplicate)",IF(OR(AK89="Check",AL89="Check",AM89="Check"),"Check",IF(AND(AK89="Yes",AL89="Yes",AM89="Yes"),"Include","Exclude"))) -> Include | AQ89: Introduces | AR89: ZA-WHV | AS89: GL-OSSL | AT89: =IF(AR89="","",IFERROR(INDEX(Libraries!$B:$B,MATCH(AR89,Libraries!$A:$A,0)),"ID not found")) -> Western Highveld MIR library (South Africa)
A90: de Santana F.B.; Hall R.L.; Lowe V.; Browne M.A.; Grunsky E.C.; Fitzsimons M.M.; Gallagher V.; Daly K. | B90: A systematic approach to predicting and mapping soil particle size distribution from unknown samples using large mid-infrared spectral libraries covering large-scale heterogeneous areas | C90: 2023 | D90: 10.1016/j.geoderma.2023.116491 | E90: Mineral and organo-mineral (MOM) soils | F90: National | G90: Ireland | H90: Europe | I90: 9993 | J90: Mineral and organo-mineral soils, Peat soils | K90: Agricultural, Forest, Natural (Alluvial, Marsh, Dunes), Urban/Periurban | L90: Topsoil (national Tellus survey) | M90: National-scale MIR library combining mineral and organo-mineral (peat) soils | N90: MIR (also NIR/XRF used in related work) | O90: Not specified in available sources (standard MIR range) | P90: FTIR (bench-top MIR spectrometer) | Q90: Not specified in available sources | R90: Ball-milled (<0.100 mm) vs standard sieved (<2 mm) particle size compared | S90: Laboratory | T90: Particle size distribution (sand/silt/clay) | U90: Standard particle size analysis (e.g. sieve/hydrometer/laser diffraction) | V90: Not specified in available sources | W90: Hotelling T2 and Q-residuals control charts to flag unrepresentative/out-of-control spectra | X90: Machine learning regression (RF, Cubist, SVM, ANN, PLS) and PLS-DA classification | Y90: Cross-validation; control-chart-based outlier screening | Z90: R2, RMSE (property-dependent) | AA90: Instrument stability monitored using acetaminophen chemical standard; Hotelling T2/Q residuals control charts | AB90: Land use, geology, location (Tellus survey) | AC90: Restricted (Irish national Tellus/Teagasc datasets) | AD90: Partial | AE90: Instrument stability control charts | AF90: Systematic approach identifying unrepresentative samples across heterogeneous geology | AG90: National-scale particle size distribution mapping from MIR spectral libraries | AH90: Geologically heterogeneous landscapes introduce spectral heterogeneity/out-of-control samples not represented in calibration set | AI90: Use of control-chart-based QA/QC to identify unrepresentative samples before large-scale prediction | AJ90: A systematic control-chart-based QA/QC approach (Hotelling T2/Q residuals) applied to a large, heterogeneous Irish mineral/organo-mineral MIR library improved reliability of particle-size predictions by screening out unrepresentative spectra. | AK90: Yes | AL90: Yes | AM90: Yes | AO90: =IF(AN90<>"","Exclude (duplicate)",IF(OR(AK90="Check",AL90="Check",AM90="Check"),"Check",IF(AND(AK90="Yes",AL90="Yes",AM90="Yes"),"Include","Exclude"))) -> Include | AQ90: Uses | AR90: IE-MOM | AT90: =IF(AR90="","",IFERROR(INDEX(Libraries!$B:$B,MATCH(AR90,Libraries!$A:$A,0)),"ID not found")) -> Irish mineral/organo-mineral MIR library
A91: Dor E.B.; Chabrillat S.; Karyotis K.; Schmid T. | B91: P4005 Standards and Protocols for Soil Spectroscopy in Laboratory and Field Conditions [Technical Committees] | C91: 2024 | D91: 10.1109/MGRS.2024.3469069 | E91: - | F91: Global | G91: NA | H91: NA | I91: NA | J91: Organic and mineral soils | K91: - | AK91: Yes | AL91: Yes | AM91: No | AO91: =IF(AN91<>"","Exclude (duplicate)",IF(OR(AK91="Check",AL91="Check",AM91="Check"),"Check",IF(AND(AK91="Yes",AL91="Yes",AM91="Yes"),"Include","Exclude"))) -> Exclude | AP91: Standards committee (IEEE P4005), no library | AQ91: — | AT91: =IF(AR91="","",IFERROR(INDEX(Libraries!$B:$B,MATCH(AR91,Libraries!$A:$A,0)),"ID not found"))
A92: Ben Dor E.; Ong C.; Lau I.C. | B92: Reflectance measurements of soils in the laboratory: Standards and protocols | C92: 2015 | D92: 10.1016/j.geoderma.2015.01.002 | E92: - | F92: Regional | G92: Israel, Australia | H92: Asia, Oceania | I92: NA | J92: Western Australian soils | K92: Agricultural and Nature | AK92: Yes | AL92: Yes | AM92: No | AO92: =IF(AN92<>"","Exclude (duplicate)",IF(OR(AK92="Check",AL92="Check",AM92="Check"),"Check",IF(AND(AK92="Yes",AL92="Yes",AM92="Yes"),"Include","Exclude"))) -> Exclude | AP92: Standards/protocols paper, no library | AQ92: — | AT92: =IF(AR92="","",IFERROR(INDEX(Libraries!$B:$B,MATCH(AR92,Libraries!$A:$A,0)),"ID not found"))
A93: Francos N.; Ogen Y.; Ben-Dor E. | B93: Spectral assessment of organic matter with different composition using reflectance spectroscopy | C93: 2021 | D93: 10.3390/rs13081549 | E93: - | F93: National | G93: Israel | H93: Asia | I93: NA | J93: Red soil from Israel (Terra Rosa) | K93: Organic Matter (e.g. compost) | AK93: Yes | AL93: Yes | AM93: No | AO93: =IF(AN93<>"","Exclude (duplicate)",IF(OR(AK93="Check",AL93="Check",AM93="Check"),"Check",IF(AND(AK93="Yes",AL93="Yes",AM93="Yes"),"Include","Exclude"))) -> Exclude | AP93: Organic-matter spectral study, no library | AQ93: — | AT93: =IF(AR93="","",IFERROR(INDEX(Libraries!$B:$B,MATCH(AR93,Libraries!$A:$A,0)),"ID not found"))
A94: Hume R.; Marschner P.; Mason S.; Schilling R.K.; Mosley L.M. | B94: Using mid-infrared spectroscopy as a tool to monitor responses of acidic soil properties to liming: case study from a dryland agricultural soil trial site in South Australia | C94: 2024 | D94: 10.1007/s11119-024-10114-3 | E94: - | F94: Local | G94: South Australia | H94: Oceania | I94: NA | J94: Acidic agricultural soils | K94: Agricultural/Cropland/Pasture | AK94: Yes | AL94: Yes | AM94: No | AO94: =IF(AN94<>"","Exclude (duplicate)",IF(OR(AK94="Check",AL94="Check",AM94="Check"),"Check",IF(AND(AK94="Yes",AL94="Yes",AM94="Yes"),"Include","Exclude"))) -> Exclude | AP94: Single liming-trial site, no library | AQ94: — | AT94: =IF(AR94="","",IFERROR(INDEX(Libraries!$B:$B,MATCH(AR94,Libraries!$A:$A,0)),"ID not found"))
A95: Viscarra Rossel R.A.; Behrens T.; Ben-Dor E.; Brown D.J.; Demattê J.A.M.; Shepherd K.D.; Shi Z.; Stenberg B.; Stevens A.; Adamchuk V.; Aïchi H.; Barthès B.G.; Bartholomeus H.M.; Bayer A.D.; Bernoux M.; Böttcher K.; Brodský L.; Du C.W.; Chappell A.; Fouad Y.; Genot V.; Gomez C.; Grunwald S.; Gubler A.; Guerrero C.; Hedley C.B.; Knadel M.; Morrás H.J.M.; Nocita M.; Ramirez-Lopez L.; Roudier P.; Rufasto Campos E.M.; Sanborn P.; Sellitto V.M.; Sudduth K.A.; Rawlins B.G.; Walter C.; Winowiecki L.A.; Hong S.Y.; Ji W. | B95: A global spectral library to characterize the world's soil | C95: 2016 | D95: 10.1016/j.earscirev.2016.01.012 | E95: Global Soil vis-NIR Spectral Library (GSSL) | F95: Global | G95: 92 countries | H95: Global (seven continents) | I95: 23631 spectra | J95: Globally diverse; wide attribute ranges with large coefficients of variation, more sand than clay/silt overall | K95: Multiple global land-cover classes | L95: Not specified in available sources | M95: Voluntary contribution of legacy spectra by ~45 soil scientists from 35 countries and institutions | N95: vis-NIR | O95: vis-NIR range; multiple contributed instruments (exact common range not specified in available sources) | P95: Multiple instruments across contributing institutions | Q95: Not specified in available sources | R95: Not specified in available sources | S95: Laboratory; protocols varied by contributing institution | T95: Soil organic carbon; soil inorganic carbon; clay; silt; sand; iron content; cation exchange capacity; pH | U95: Not specified in available sources | V95: Not specified in available sources | W95: Not specified in available sources | X95: Spectral analysis and prediction of soil attributes from the harmonized global library | Y95: Not specified in available sources | Z95: Not specified in available sources | AA95: Instrument recalibration ranged from once every 50 measurements to once every 10 (median every 10); readings averaged 10-50 (median 30 at calibration, 10 at measurement); replicates per sample ranged from none to six | AB95: Country, continent, land cover, soil attribute data; number of spectra reported by continent and country | AC95: Open access publication; library assembled from contributed institutional datasets | AD95: Partial | AE95: Not specified in available sources | AF95: Consolidation of heterogeneous contributed vis-NIR datasets into a single global library | AG95: Characterizing global soil composition; linking spectra to land cover and global geographic distribution as a surrogate for climate variability; predicting soil attributes | AH95: Unprecedented pressures on soil from degradation and urbanization threatening agro-ecological balances and food security; heterogeneity of contributed measurement protocols | AI95: Not specified in available sources | AJ95: The largest and most diverse global vis-NIR soil database of its kind at time of publication. Spectral information described soil composition and was associated with land cover and global geographic distribution, and proved useful for predicting organic and inorganic carbon, texture, iron, CEC and pH. | AK95: Yes | AL95: Yes | AM95: Yes | AO95: =IF(AN95<>"","Exclude (duplicate)",IF(OR(AK95="Check",AL95="Check",AM95="Check"),"Check",IF(AND(AK95="Yes",AL95="Yes",AM95="Yes"),"Include","Exclude"))) -> Include | AQ95: Introduces | AR95: GL-GSSL | AT95: =IF(AR95="","",IFERROR(INDEX(Libraries!$B:$B,MATCH(AR95,Libraries!$A:$A,0)),"ID not found")) -> Global Soil vis-NIR Spectral Library (GSSL)
A96: Brown D.J.; Shepherd K.D.; Walsh M.G.; Mays M.D.; Reinsch T.G. | B96: Global soil characterization with VNIR diffuse reflectance spectroscopy | C96: 2006 | D96: 10.1016/j.geoderma.2005.04.025 | E96: Global VNIR diffuse reflectance library (NRCS/ICRAF-linked) | F96: Global | G96: USA (all 50 states) plus 36 further countries (37 total) | H96: Global (Africa, Asia, the Americas, Europe) | I96: 4184 (3768 USA; 416 from outside the USA) | J96: - | K96: - | L96: Not specified in available sources | M96: Not specified in available sources | N96: VNIR | O96: Not specified in available sources | P96: Not specified in available sources | Q96: Not specified in available sources | R96: Not specified in available sources | S96: Laboratory diffuse reflectance | T96: Not specified in available sources | U96: Not specified in available sources | V96: Not specified in available sources | W96: Not specified in available sources | X96: Not specified in available sources | Y96: Not specified in available sources | Z96: Not specified in available sources | AA96: Not specified in available sources | AB96: Not specified in available sources | AC96: Not specified in available sources | AD96: Not specified in available sources | AE96: Not specified in available sources | AF96: Not specified in available sources | AG96: Foundational global soil characterization by VNIR diffuse reflectance spectroscopy | AH96: Geographic imbalance of the sample set, with only 416 of 4184 samples originating outside the USA | AI96: Not specified in available sources | AJ96: Estimated that approximately 5.2 x 10^9 carefully selected calibration samples would be required to span the known global soil compositional space. Widely treated as the origin study for large-scale VNIR soil spectral libraries. | AK96: Yes | AL96: Yes | AM96: Yes | AO96: =IF(AN96<>"","Exclude (duplicate)",IF(OR(AK96="Check",AL96="Check",AM96="Check"),"Check",IF(AND(AK96="Yes",AL96="Yes",AM96="Yes"),"Include","Exclude"))) -> Include | AQ96: Introduces | AR96: GL-BROWN | AT96: =IF(AR96="","",IFERROR(INDEX(Libraries!$B:$B,MATCH(AR96,Libraries!$A:$A,0)),"ID not found")) -> Global VNIR diffuse reflectance library (Brown et al.)
A97: Terhoeven-Urselmans T.; Vågen T.-G.; Spaargaren O.; Shepherd K.D. | B97: Prediction of soil fertility properties from a globally distributed soil mid-infrared spectral library | C97: 2010 | D97: 10.2136/sssaj2009.0218 | E97: ICRAF-ISRIC global MIR spectral library | F97: Global | G97: Globally distributed (ISRIC soil collection) | H97: Global | I97: 971 | J97: - | K97: - | L97: Not specified in available sources | M97: Samples drawn from the ISRIC world soil reference collection | N97: MIR (mid-infrared) | O97: 4000-602 cm-1 (MIR) | P97: Not specified in available sources | Q97: Not specified in available sources | R97: Not specified in available sources | S97: Laboratory diffuse reflectance | T97: Soil fertility properties | U97: Not specified in available sources | V97: Not specified in available sources | W97: Not specified in available sources | X97: Not specified in available sources | Y97: Not specified in available sources | Z97: Not specified in available sources | AA97: Not specified in available sources | AB97: Not specified in available sources | AC97: Not specified in available sources | AD97: Not specified in available sources | AE97: Not specified in available sources | AF97: Not specified in available sources | AG97: Foundational global MIR spectral library; complements the ICRAF-ISRIC vis-NIR holdings | AH97: Not specified in available sources | AI97: Not specified in available sources | AJ97: Demonstrated prediction of soil fertility properties from a globally distributed MIR library of 971 ISRIC samples scanned across 4000-602 cm-1. | AK97: Yes | AL97: Yes | AM97: Yes | AO97: =IF(AN97<>"","Exclude (duplicate)",IF(OR(AK97="Check",AL97="Check",AM97="Check"),"Check",IF(AND(AK97="Yes",AL97="Yes",AM97="Yes"),"Include","Exclude"))) -> Include | AQ97: Introduces | AR97: GL-ICRAF-MIR | AT97: =IF(AR97="","",IFERROR(INDEX(Libraries!$B:$B,MATCH(AR97,Libraries!$A:$A,0)),"ID not found")) -> ICRAF-ISRIC global MIR library
A98: Dangal S.R.S.; Sanderman J.; Wills S.; Ramirez-Lopez L. | B98: Accurate and precise prediction of soil properties from a large mid-infrared spectral library | C98: 2019 | D98: 10.3390/soilsystems3010011 | E98: USDA-NRCS Kellogg Soil Survey Laboratory (KSSL) MIR library | F98: National | G98: USA (continental) | H98: North America | I98: >50000 | J98: - | K98: - | L98: Not specified in available sources | M98: USDA National Soil Survey Center MIR library with its associated soil characterization database | N98: MIR (mid-infrared) | O98: Not specified in available sources | P98: Not specified in available sources | Q98: Not specified in available sources | R98: Not specified in available sources | S98: Laboratory diffuse reflectance | T98: Not specified in available sources | U98: Not specified in available sources | V98: Not specified in available sources | W98: Not specified in available sources | X98: Not specified in available sources | Y98: Not specified in available sources | Z98: Not specified in available sources | AA98: Not specified in available sources | AB98: Not specified in available sources | AC98: Not specified in available sources | AD98: Not specified in available sources | AE98: Not specified in available sources | AF98: Not specified in available sources | AG98: Continental-scale assessment of diffuse reflectance spectroscopy for soil property prediction | AH98: Not specified in available sources | AI98: Not specified in available sources | AJ98: Assessed diffuse reflectance spectroscopy at continental-US scale using the USDA National Soil Survey Center MIR library (n > 50,000) paired with its soil characterization database. | AK98: Yes | AL98: Yes | AM98: Yes | AO98: =IF(AN98<>"","Exclude (duplicate)",IF(OR(AK98="Check",AL98="Check",AM98="Check"),"Check",IF(AND(AK98="Yes",AL98="Yes",AM98="Yes"),"Include","Exclude"))) -> Include | AQ98: Uses | AR98: US-KSSL-MIR | AT98: =IF(AR98="","",IFERROR(INDEX(Libraries!$B:$B,MATCH(AR98,Libraries!$A:$A,0)),"ID not found")) -> USDA NSSC-KSSL MIR library
A99: Viscarra Rossel R.A.; Webster R. | B99: Predicting soil properties from the Australian soil visible-near infrared spectroscopic database | C99: 2012 | D99: 10.1111/j.1365-2389.2012.01495.x | E99: Australian Soil vis-NIR Spectroscopic Database | F99: National | G99: Australia | H99: Oceania | I99: ~20000 (archived samples) | J99: - | K99: - | L99: Not specified in available sources | M99: Reflectance spectra from archived Australian soil samples | N99: vis-NIR | O99: Not specified in available sources | P99: Not specified in available sources | Q99: Not specified in available sources | R99: Not specified in available sources | S99: Laboratory | T99: Not specified in available sources | U99: Not specified in available sources | V99: Not specified in available sources | W99: Not specified in available sources | X99: Not specified in available sources | Y99: Not specified in available sources | Z99: Not specified in available sources | AA99: Not specified in available sources | AB99: Not specified in available sources | AC99: Not specified in available sources | AD99: Not specified in available sources | AE99: Not specified in available sources | AF99: Not specified in available sources | AG99: Foundational national vis-NIR database underpinning subsequent Australian soil spectroscopy work | AH99: Not specified in available sources | AI99: Not specified in available sources | AJ99: Established the national Australian vis-NIR spectroscopic database from roughly 20,000 archived soil samples and demonstrated prediction of soil properties from it. | AK99: Yes | AL99: Yes | AM99: Yes | AO99: =IF(AN99<>"","Exclude (duplicate)",IF(OR(AK99="Check",AL99="Check",AM99="Check"),"Check",IF(AND(AK99="Yes",AL99="Yes",AM99="Yes"),"Include","Exclude"))) -> Include | AQ99: Introduces | AR99: AU-VNIR | AT99: =IF(AR99="","",IFERROR(INDEX(Libraries!$B:$B,MATCH(AR99,Libraries!$A:$A,0)),"ID not found")) -> Australian soil vis-NIR spectroscopic database
